line number,source_type,year,customs_region,customs_office,partner,export_import,product,origin,width_in_line,value,value_part_of_bundle,quantity,quantity_unit,value_per_unit,filepath,source,sheet,value_total,value_sub_total_1,value_sub_total_2,value_sub_total_3,data_collector,unverified,remarks,value_minus_unit_val_x_qty,absurd_observation,trade_deficit,trade_surplus,duty_quantity,duty_quantity_unit,duty_by_unit,duty_total,duty_part_of_bundle,duty_remarks
3142,Local,1752,Nantes,,Angleterre,Imports,beuf salé,,,,,,,,Courones,,#,,,,,,,,0,,,,,,,,,
3143,Local,1752,Nantes,,Angleterre,Imports,beure sallé,,,,,,,,Nantes -- 1752 -- Imports -- AD44_C716,,1,,,,,,,,0,,,,,,,,,
3144,Local,1752,Nantes,,Angleterre,Imports,bled fromen,,,,,3537,,,Nantes -- 1752 -- Imports -- AD44_C716,,1,,,,,,,,0,,,,,,,,,
3145,Local,1752,Nantes,,Angleterre,Imports,bled seigle,,,,,1260,,,Nantes -- 1752 -- Imports -- AD44_C716,,1,,,,,,,,0,,,,,,,,,
3146,Local,1752,Nantes,,Angleterre,Imports,bierre,,,,,6,Barique,,Nantes -- 1752 -- Imports -- AD44_C716,,1,,,,,,,,0,,,,,,,,,
3147,Local,1752,Nantes,,Angleterre,Imports,chandelle,,,,,,,,8,,1,,,,,,,,0,,,,,,,,,
3148,Local,1752,Nantes,,Angleterre,Imports,charbon de terre,,,,,,,,4,,1,,,,,,,,0,,,,,,,,,
3149,Local,1752,Nantes,,Angleterre,Imports,crin de cheval,,,,,1123,,,Nantes -- 1752 -- Imports -- AD44_C716,,1,,,,,,,,0,,,,,,,,,
3150,Local,1752,Nantes,,Angleterre,Imports,cuirs verts en poil,,,,,9490,,,Nantes -- 1752 -- Imports -- AD44_C716,,1,,,,,,,,0,,,,,,,,,
3151,Local,1752,Nantes,,Angleterre,Imports,farine,,,,,,,,Pauls,,#,,,,,,,,0,,,,,,,,,
3152,Local,1752,Nantes,,Angleterre,Imports,feves,,,,,53,Tonneaux,,Nantes -- 1752 -- Imports -- AD44_C716,,2,,,,,,,,0,,,,,,,,,
3153,Local,1752,Nantes,,Angleterre,Imports,fromages de chester,,,,,25,en nombre,,Nantes -- 1752 -- Imports -- AD44_C716,,2,,,,,,,,0,,,,,,,,,
3154,Local,1752,Nantes,,Angleterre,Imports,fromage commun,,,,,3867,,,Nantes -- 1752 -- Imports -- AD44_C716,,2,,,,,,,,0,,,,,,,,,
3155,Local,1752,Nantes,,Angleterre,Imports,laine filée,,,,,260,,,Nantes -- 1752 -- Imports -- AD44_C716,,2,,,,,,,,0,,,,,,,,,
3156,Local,1752,Nantes,,Angleterre,Imports,laine peignée,,,,,6281,,,Nantes -- 1752 -- Imports -- AD44_C716,,2,,,,,,,,0,,,,,,,,,
3157,Local,1752,Nantes,,Angleterre,Imports,laine en toison,,,,,,,,;,,L,,,,,,,,0,,,,,,,,,
3158,Local,1752,Nantes,,Angleterre,Imports,langues de beuf,,,,,,,,22},,2,,,,,,,,0,,,,,,,,,
3159,Local,1752,Nantes,,Angleterre,Imports,lard,,,,,,,,6},,2,,,,,,,,0,,,,,,,,,
3160,Local,1752,Nantes,,Angleterre,Imports,moelle de bœuf,,,,,258,,,Nantes -- 1752 -- Imports -- AD44_C716,,2,,,,,,,,0,,,,,,,,,
3161,Local,1752,Nantes,,Angleterre,Imports,nattes,,,,,120,en nombre,,Nantes -- 1752 -- Imports -- AD44_C716,,2,,,,,,,,0,,,,,,,,,
3162,Local,1752,Nantes,,Angleterre,Imports,orge,,,,,506,Tonneaux,,Nantes -- 1752 -- Imports -- AD44_C716,,2,,,,,,,,0,,,,,,,,,
3163,Local,1752,Nantes,,Angleterre,Imports,plomb en saumons,,,,,18725,,,Nantes -- 1752 -- Imports -- AD44_C716,,2,,,,,,,,0,,,,,,,,,
3164,Local,1752,Nantes,,Angleterre,Imports,saumon salé,,,,,60,,,Nantes -- 1752 -- Imports -- AD44_C716,,2,,,,,,,,0,,,,,,,,,
3165,Local,1752,Nantes,,Angleterre,Imports,saumure ,,,,,2,,,Nantes -- 1752 -- Imports -- AD44_C716,,2,,,,,,,,0,,,,,,,,,
3166,Local,1752,Nantes,,Angleterre,Imports,stocfiche,,,,,5000,,,Nantes -- 1752 -- Imports -- AD44_C716,,2,,,,,,,,0,,,,,,,,,
3167,Local,1752,Nantes,,Angleterre,Imports,suif,,,,,25655,,,Nantes -- 1752 -- Imports -- AD44_C716,,2,,,,,,,,0,,,,,,,,,
3168,Local,1752,Nantes,,Angleterre,Imports,vieux oing,,,,,3269,,,Nantes -- 1752 -- Imports -- AD44_C716,,2,,,,,,,,0,,,,,,,,,
3169,Local,1752,Nantes,,Danemark,Imports,bled fromens,,,,,60,,,Nantes -- 1752 -- Imports -- AD44_C716,,2,,,,,,,,0,,,,,,,,,
3170,Local,1752,Nantes,,Danemark,Imports,bled seigle,,,,,230,,,Nantes -- 1752 -- Imports -- AD44_C716,,2,,,,,,,,0,,,,,,,,,
3171,Local,1752,Nantes,,Danemark,Imports,Bray gras,,,,,210,Baril,,Nantes -- 1752 -- Imports -- AD44_C716,,2,,,,,,,,0,,,,,,,,,
3172,Local,1752,Nantes,,Danemark,Imports,fer en barres,,,,,8575,,,Nantes -- 1752 -- Imports -- AD44_C716,,2,,,,,,,,0,,,,,,,,,
3173,Local,1752,Nantes,,Danemark,Imports,planches de sapin,,,,,,,,de,,62,,,,,,,,0,,,,,,,,,
3174,Local,1752,Nantes,,Danemark,Imports,???,,,,,49,Barique,,,,,,,,,,,,,,,,,,,,,
3175,Local,1752,Nantes,,Espagne,Imports,Citrons Verts,,,,,48,,,Nantes -- 1752 -- Imports -- AD44_C716,,3,,,,,,,,0,,,,,,,,,
3176,Local,1752,Nantes,,Espagne,Imports,fer en barres,,,,,869075,,,Nantes -- 1752 -- Imports -- AD44_C716,,3,,,,,,,,0,,,,,,,,,
3177,Local,1752,Nantes,,Espagne,Imports,fer en perlermons,,,,,14325,,,Nantes -- 1752 -- Imports -- AD44_C716,,3,,,,,,,,0,,,,,,,,,
3178,Local,1752,Nantes,,Espagne,Imports,goudron,,,,,20,Baril,,Nantes -- 1752 -- Imports -- AD44_C716,,3,,,,,,,,0,,,,,,,,,
3179,Local,1752,Nantes,,Espagne,Imports,huile d’olive,,,,,4942,,,Nantes -- 1752 -- Imports -- AD44_C716,,3,,,,,,,,0,,,,,,,,,
3180,Local,1752,Nantes,,Espagne,Imports,Jambons,,,,,176,,,Nantes -- 1752 -- Imports -- AD44_C716,,3,,,,,,,,0,,,,,,,,,
3181,Local,1752,Nantes,,Espagne,Imports,laine d’espagne,,,,,313318,,,Nantes -- 1752 -- Imports -- AD44_C716,,3,,,,,,,,0,,,,,,,,,
3182,Local,1752,Nantes,,Espagne,Imports,laine surge,,,,,53443,,,Nantes -- 1752 -- Imports -- AD44_C716,,3,,,,,,,,0,,,,,,,,,
3183,Local,1752,Nantes,,Espagne,Imports,noisettes,,,,,,,,10,,3,,,,,,,,0,,,,,,,,,
3184,Local,1752,Nantes,,Espagne,Imports,oranges aigres,,,,,58,,,Nantes -- 1752 -- Imports -- AD44_C716,,3,,,,,,,,0,,,,,,,,,
3185,Local,1752,Nantes,,Espagne,Imports,oranges douces,,,,,75,,,Nantes -- 1752 -- Imports -- AD44_C716,,3,,,,,,,,0,,,,,,,,,
3186,Local,1752,Nantes,,Espagne,Imports,vin d’espagne,,,,,,,,270,,18,,,,,,,,0,,,,,,,,,
3187,Local,1752,Nantes,,Espagne,Imports,vin de Ramis,,,,,30,,,Nantes -- 1752 -- Imports -- AD44_C716,,3,,,,,,,,0,,,,,,,,,
3188,Local,1752,Nantes,,Flandre autrichienne,Imports,cabarets vernis,,,,,20,,,Nantes -- 1752 -- Imports -- AD44_C716,,3,,,,,,,,0,,,,,,,,,
3189,Local,1752,Nantes,,Flandre autrichienne,Imports,cuivre en chaudron,,,,,2350,,,Nantes -- 1752 -- Imports -- AD44_C716,,3,,,,,,,,0,,,,,,,,,
3190,Local,1752,Nantes,,Flandre autrichienne,Imports,figues,,,,,145,,,Nantes -- 1752 -- Imports -- AD44_C716,,3,,,,,,,,0,,,,,,,,,
3191,Local,1752,Nantes,,Flandre autrichienne,Imports,harangs ,,,,,32,,,Nantes -- 1752 -- Imports -- AD44_C716,,3,,,,,,,,0,,,,,,,,,
3192,Local,1752,Nantes,,Flandre autrichienne,Imports,mercerie,,,,,33,,,la,,3,,,,,,,,0,,,,,,,,,
3193,Local,1752,Nantes,,Flandre autrichienne,Imports,orge,,,,,240,,,Nantes -- 1752 -- Imports -- AD44_C716,,3,,,,,,,,0,,,,,,,,,
3194,Local,1752,Nantes,,Flandre autrichienne,Imports,pain d’epice,,,,,30,,,Nantes -- 1752 -- Imports -- AD44_C716,,3,,,,,,,,0,,,,,,,,,
3195,Local,1752,Nantes,,Flandre autrichienne,Imports,planches pour grenniers,,,,,90,,,Nantes -- 1752 -- Imports -- AD44_C716,,4,,,,,,,,0,,,,,,,,,
3196,Local,1752,Nantes,,Flandre autrichienne,Imports,poisson salé,,,,,180,,,Nantes -- 1752 -- Imports -- AD44_C716,,4,,,,,,,,0,,,,,,,,,
3197,Local,1752,Nantes,,Flandre autrichienne,Imports,stocfiche,,,,,100,,,Nantes -- 1752 -- Imports -- AD44_C716,,4,,,,,,,,0,,,,,,,,,
3198,Local,1752,Nantes,,D'Hollande,Imports,acier,,,,,12957,,,Nantes -- 1752 -- Imports -- AD44_C716,,4,,,,,,,,0,,,,,,,,,
3199,Local,1752,Nantes,,D'Hollande,Imports,agatte,,,,,100,,,Nantes -- 1752 -- Imports -- AD44_C716,,4,,,,,,,,0,,,,,,,,,
3200,Local,1752,Nantes,,D'Hollande,Imports,eguille a voille,,,,,505,,,Nantes -- 1752 -- Imports -- AD44_C716,,4,,,,,,,,0,,,,,,,,,
3201,Local,1752,Nantes,,D'Hollande,Imports,alun,,,,,24961,,,Nantes -- 1752 -- Imports -- AD44_C716,,4,,,,,,,,0,,,,,,,,,
3202,Local,1752,Nantes,,D'Hollande,Imports,ambre jaune,,,,,29,,,Nantes -- 1752 -- Imports -- AD44_C716,,4,,,,,,,,0,,,,,,,,,
3203,Local,1752,Nantes,,D'Hollande,Imports,amidon,,,,,27063,,,Nantes -- 1752 -- Imports -- AD44_C716,,4,,,,,,,,0,,,,,,,,,
3204,Local,1752,Nantes,,D'Hollande,Imports,anabas,,,,,3800,piece,,Nantes -- 1752 -- Imports -- AD44_C716,,4,,,,,,,,0,,,,,,,,,
3205,Local,1752,Nantes,,D'Hollande,Imports,arbrisseaux,,,,,2000,,,Nantes -- 1752 -- Imports -- AD44_C716,,4,,,,,,,,0,,,,,,,,,
3206,Local,1752,Nantes,,D'Hollande,Imports,arme a feu ,,,,,5830,,,pour,,cent,,,,,,,,0,,,,,,,,,
3207,Local,1752,Nantes,,D'Hollande,Imports,arosoirs de bois,,,,,88,en nombre,,Nantes -- 1752 -- Imports -- AD44_C716,,4,,,,,,,,0,,,,,,,,,
3208,Local,1752,Nantes,,D'Hollande,Imports,avoinne,,,,,70,,,Nantes -- 1752 -- Imports -- AD44_C716,,4,,,,,,,,0,,,,,,,,,
3209,Local,1752,Nantes,,D'Hollande,Imports,azur,,,,,52136,,,Nantes -- 1752 -- Imports -- AD44_C716,,4,,,,,,,,0,,,,,,,,,
3210,Local,1752,Nantes,,D'Hollande,Imports,bajutupaux,,,,,659,piece,,Nantes -- 1752 -- Imports -- AD44_C716,,4,,,,,,,,0,,,,,,,,,
3211,Local,1752,Nantes,,D'Hollande,Imports,balaine coupée,,,,,9295,,,Nantes -- 1752 -- Imports -- AD44_C716,,4,,,,,,,,0,,,,,,,,,
3212,Local,1752,Nantes,,D'Hollande,Imports,barbançons de grez,,,,,2424,,,Nantes -- 1752 -- Imports -- AD44_C716,,4,,,,,,,,0,,,,,,,,,
3213,Local,1752,Nantes,,D'Hollande,Imports,baton de sapin,,,,,630,,,Nantes -- 1752 -- Imports -- AD44_C716,,4,,,,,,,,0,,,,,,,,,
3214,Local,1752,Nantes,,D'Hollande,Imports,beuf salé,,,,,,,,150s,,36,,,,,,,,0,,,,,,,,,
3215,Local,1752,Nantes,,D'Hollande,Imports,beure,,,,,15532,,,Nantes -- 1752 -- Imports -- AD44_C716,,4,,,,,,,,0,,,,,,,,,
3216,Local,1752,Nantes,,D'Hollande,Imports,bierre,,,,,,,,Canon,,proportion,,,,,,,,0,,,,,,,,,
3217,Local,1752,Nantes,,D'Hollande,Imports,bled fromens,,,,,2428,,,Nantes -- 1752 -- Imports -- AD44_C716,,4,,,,,,,,0,,,,,,,,,
3218,Local,1752,Nantes,,D'Hollande,Imports,bled seigle,,,,,6970,,,Nantes -- 1752 -- Imports -- AD44_C716,,5,,,,,,,,0,,,,,,,,,
3219,Local,1752,Nantes,,D'Hollande,Imports,bois de brezil ,,,,,1509,,,Nantes -- 1752 -- Imports -- AD44_C716,,5,,,,,,,,0,,,,,,,,,
3220,Local,1752,Nantes,,D'Hollande,Imports,bois de calliatour,,,,,1344,,,Nantes -- 1752 -- Imports -- AD44_C716,,5,,,,,,,,0,,,,,,,,,
3221,Local,1752,Nantes,,D'Hollande,Imports,bois de campeche,,,,,12600,,,Nantes -- 1752 -- Imports -- AD44_C716,,5,,,,,,,,0,,,,,,,,,
3222,Local,1752,Nantes,,D'Hollande,Imports,bois d’inde en buches,,,,,6545,,,Nantes -- 1752 -- Imports -- AD44_C716,,5,,,,,,,,0,,,,,,,,,
3223,Local,1752,Nantes,,D'Hollande,Imports,bois d’inde rapé,,,,,2317,,,Nantes -- 1752 -- Imports -- AD44_C716,,5,,,,,,,,0,,,,,,,,,
3224,Local,1752,Nantes,,D'Hollande,Imports,bois de sainte marthe,,,,,1750,,,Nantes -- 1752 -- Imports -- AD44_C716,,5,,,,,,,,0,,,,,,,,,
3225,Local,1752,Nantes,,D'Hollande,Imports,bois de sandal en buches,,,,,43000,,,Nantes -- 1752 -- Imports -- AD44_C716,,5,,,,,,,,0,,,,,,,,,
3226,Local,1752,Nantes,,D'Hollande,Imports,bois à teindre moulu,,,,,22936,,,Nantes -- 1752 -- Imports -- AD44_C716,,5,,,,,,,,0,,,,,,,,,
3227,Local,1752,Nantes,,D'Hollande,Imports,bonnet de cuir ,,,,,227356,,,Nantes -- 1752 -- Imports -- AD44_C716,,5,,,,,,,,0,,,,,,,,,
3228,Local,1752,Nantes,,D'Hollande,Imports,matelos,,,,,4,Douzaine,,Nantes -- 1752 -- Imports -- AD44_C716,,5,,,,,,,,0,,,,,,,,,
3229,Local,1752,Nantes,,D'Hollande,Imports,bouteilles de verres,,,,,75,,,Nantes -- 1752 -- Imports -- AD44_C716,,5,,,,,,,,0,,,,,,,,,
3230,Local,1752,Nantes,,D'Hollande,Imports,boules,,,,,100,piece,,Nantes -- 1752 -- Imports -- AD44_C716,,5,,,,,,,,0,,,,,,,,,
3231,Local,1752,Nantes,,D'Hollande,Imports,brosserie,,,,,1326,,,Nantes -- 1752 -- Imports -- AD44_C716,,5,,,,,,,,0,,,,,,,,,
3232,Local,1752,Nantes,,D'Hollande,Imports,cabarets vernis,,,,,4,,,Nantes -- 1752 -- Imports -- AD44_C716,,5,,,,,,,,0,,,,,,,,,
3233,Local,1752,Nantes,,D'Hollande,Imports,cadenats,,,,,,,,18s,,5,,,,,,,,0,,,,,,,,,
3234,Local,1752,Nantes,,D'Hollande,Imports,caisse de fer,,,,,1,en nombre,,noir,,5,,,,,,,,0,,,,,,,,,
3235,Local,1752,Nantes,,D'Hollande,Imports,canelles,,,,,1308,,,Nantes -- 1752 -- Imports -- AD44_C716,,5,,,,,,,,0,,,,,,,,,
3236,Local,1752,Nantes,,D'Hollande,Imports,canettes de gréz,,,,,2073,,,Nantes -- 1752 -- Imports -- AD44_C716,,5,,,,,,,,0,,,,,,,,,
3237,Local,1752,Nantes,,D'Hollande,Imports,caves garnies,,,,,,,,14858,,10s,,,,,,,,0,,,,,,,,,
3238,Local,1752,Nantes,,D'Hollande,Imports,cauris,,,,,2700,,,Nantes -- 1752 -- Imports -- AD44_C716,,5,,,,,,,,0,,,,,,,,,
3239,Local,1752,Nantes,,D'Hollande,Imports,creuses,,,,,3989,,,Nantes -- 1752 -- Imports -- AD44_C716,,5,,,,,,,,0,,,,,,,,,
3240,Local,1752,Nantes,,D'Hollande,Imports,chaises de commodités,,,,,185,,,Nantes -- 1752 -- Imports -- AD44_C716,,5,,,,,,,,0,,,,,,,,,
3241,Local,1752,Nantes,,D'Hollande,Imports,chandelle,,,,,8121,,,Nantes -- 1752 -- Imports -- AD44_C716,,5,,,,,,,,0,,,,,,,,,
3242,Local,1752,Nantes,,D'Hollande,Imports,chanvre cru,,,,,73300,,,Nantes -- 1752 -- Imports -- AD44_C716,,5,,,,,,,,0,,,,,,,,,
3243,Local,1752,Nantes,,D'Hollande,Imports,chasselas,,,,,1156,,,Nantes -- 1752 -- Imports -- AD44_C716,,5,,,,,,,,0,,,,,,,,,
3244,Local,1752,Nantes,,D'Hollande,Imports,chandelliers de fer,,,,,2851,,,Nantes -- 1752 -- Imports -- AD44_C716,,5,,,,,,,,0,,,,,,,,,
3245,Local,1752,Nantes,,D'Hollande,Imports,chitte,,,,,90,piece,,Nantes -- 1752 -- Imports -- AD44_C716,,6,,,,,,,,0,,,,,,,,,
3246,Local,1752,Nantes,,D'Hollande,Imports,chevrons de sapin,,,,,2,en nombre,,Nantes -- 1752 -- Imports -- AD44_C716,,6,,,,,,,,0,,,,,,,,,
3247,Local,1752,Nantes,,D'Hollande,Imports,cloux de fer,,,,,7780,,,Nantes -- 1752 -- Imports -- AD44_C716,,6,,,,,,,,0,,,,,,,,,
3248,Local,1752,Nantes,,D'Hollande,Imports,coclaria,,,,,15,,,Nantes -- 1752 -- Imports -- AD44_C716,,6,,,,,,,,0,,,,,,,,,
3249,Local,1752,Nantes,,D'Hollande,Imports,coffres forts  ,,,,,,,,;,,2,,,,,,,,0,,,,,,,,,
3250,Local,1752,Nantes,,D'Hollande,Imports,colle de poisson,,,,,288,,,Nantes -- 1752 -- Imports -- AD44_C716,,6,,,,,,,,0,,,,,,,,,
3251,Local,1752,Nantes,,D'Hollande,Imports,commodes de sapin,,,,,4,,,Nantes -- 1752 -- Imports -- AD44_C716,,6,,,,,,,,0,,,,,,,,,
3252,Local,1752,Nantes,,D'Hollande,Imports,cordages,,,,,29087,,,Nantes -- 1752 -- Imports -- AD44_C716,,6,,,,,,,,0,,,,,,,,,
3253,Local,1752,Nantes,,D'Hollande,Imports,cornichons,,,,,15,,,Nantes -- 1752 -- Imports -- AD44_C716,,6,,,,,,,,0,,,,,,,,,
3254,Local,1752,Nantes,,D'Hollande,Imports,corous,,,,,2359,piece,,Nantes -- 1752 -- Imports -- AD44_C716,,6,,,,,,,,0,,,,,,,,,
3255,Local,1752,Nantes,,D'Hollande,Imports,couperose,,,,,46625,,,Nantes -- 1752 -- Imports -- AD44_C716,,6,,,,,,,,0,,,,,,,,,
3256,Local,1752,Nantes,,D'Hollande,Imports,coupis,,,,,420,piece,,Nantes -- 1752 -- Imports -- AD44_C716,,6,,,,,,,,0,,,,,,,,,
3257,Local,1752,Nantes,,D'Hollande,Imports,couttau de chasse,,,,,1,,,Nantes -- 1752 -- Imports -- AD44_C716,,6,,,,,,,,0,,,,,,,,,
3258,Local,1752,Nantes,,D'Hollande,Imports,couteaux flamands,,,,,7984,Douzaine,,Nantes -- 1752 -- Imports -- AD44_C716,,6,,,,,,,,0,,,,,,,,,
3259,Local,1752,Nantes,,D'Hollande,Imports,conti,,,,,95,Aune,,Nantes -- 1752 -- Imports -- AD44_C716,,6,,,,,,,,0,,,,,,,,,
3260,Local,1752,Nantes,,D'Hollande,Imports,crick de fer,,,,,29,,,Nantes -- 1752 -- Imports -- AD44_C716,,6,,,,,,,,0,,,,,,,,,
3261,Local,1752,Nantes,,D'Hollande,Imports,crin de cheval,,,,,3714,,,Nantes -- 1752 -- Imports -- AD44_C716,,6,,,,,,,,0,,,,,,,,,
3262,Local,1752,Nantes,,D'Hollande,Imports,cuirs verts en poil,,,,,1071,,,Nantes -- 1752 -- Imports -- AD44_C716,,6,,,,,,,,0,,,,,,,,,
3263,Local,1752,Nantes,,D'Hollande,Imports,cuivre jaune,,,,,5081,,,Nantes -- 1752 -- Imports -- AD44_C716,,6,,,,,,,,0,,,,,,,,,
3264,Local,1752,Nantes,,D'Hollande,Imports,cuivre ouvré,,,,,32210,,,Nantes -- 1752 -- Imports -- AD44_C716,,6,,,,,,,,0,,,,,,,,,
3265,Local,1752,Nantes,,D'Hollande,Imports,cuillieres de fer,,,,,,,,Nantes -- 1752 -- Imports -- AD44_C716,,6,,,,,,,,0,,,,,,,,,
3266,Local,1752,Nantes,,D'Hollande,Imports,dez à coudre,,,,,28,,,Nantes -- 1752 -- Imports -- AD44_C716,,6,,,,,,,,0,,,,,,,,,
3267,Local,1752,Nantes,,D'Hollande,Imports,draps de lin vieux,,,,,1,Caisse,,Nantes -- 1752 -- Imports -- AD44_C716,,6,,,,,,,,0,,,,,,,,,
3268,Local,1752,Nantes,,D'Hollande,Imports,drogueries,,,,,7808,,,Nantes -- 1752 -- Imports -- AD44_C716,,6,,,,,,,,0,,,,,,,,,
3269,Local,1752,Nantes,,D'Hollande,Imports,eau de coclaria,,,,,12,,,Nantes -- 1752 -- Imports -- AD44_C716,,6,,,,,,,,0,,,,,,,,,
3270,Local,1752,Nantes,,D'Hollande,Imports,ecopes,,,,,20,,,Nantes -- 1752 -- Imports -- AD44_C716,,6,,,,,,,,0,,,,,,,,,
3271,Local,1752,Nantes,,D'Hollande,Imports,enclumes de fer,,,,,3,en nombre,,Nantes -- 1752 -- Imports -- AD44_C716,,6,,,,,,,,0,,,,,,,,,
3272,Local,1752,Nantes,,D'Hollande,Imports,epicerie,,,,,196,,,Nantes -- 1752 -- Imports -- AD44_C716,,6,,,,,,,,0,,,,,,,,,
3273,Local,1752,Nantes,,D'Hollande,Imports,espars,,,,,400,,,Nantes -- 1752 -- Imports -- AD44_C716,,6,,,,,,,,0,,,,,,,,,
3274,Local,1752,Nantes,,D'Hollande,Imports,espris de vitriol,,,,,20,,,Nantes -- 1752 -- Imports -- AD44_C716,,7,,,,,,,,0,,,,,,,,,
3275,Local,1752,Nantes,,D'Hollande,Imports,etaim ouvré,,,,,563,,,Nantes -- 1752 -- Imports -- AD44_C716,,7,,,,,,,,0,,,,,,,,,
3276,Local,1752,Nantes,,D'Hollande,Imports,etaim en saumon,,,,,1008,,,Nantes -- 1752 -- Imports -- AD44_C716,,7,,,,,,,,0,,,,,,,,,
3277,Local,1752,Nantes,,D'Hollande,Imports,fayance,,,,,528,,,Nantes -- 1752 -- Imports -- AD44_C716,,7,,,,,,,,0,,,,,,,,,
3278,Local,1752,Nantes,,D'Hollande,Imports,fer en barre,,,,,157666,,,Nantes -- 1752 -- Imports -- AD44_C716,,7,,,,,,,,0,,,,,,,,,
3279,Local,1752,Nantes,,D'Hollande,Imports,fer blanc,,,,,4,Baril,,Nantes -- 1752 -- Imports -- AD44_C716,,7,,,,,,,,0,,,,,,,,,
3280,Local,1752,Nantes,,D'Hollande,Imports,fer en cercles,,,,,12400,,,Nantes -- 1752 -- Imports -- AD44_C716,,7,,,,,,,,0,,,,,,,,,
3281,Local,1752,Nantes,,D'Hollande,Imports,fer ouvré,,,,,500,,,Nantes -- 1752 -- Imports -- AD44_C716,,7,,,,,,,,0,,,,,,,,,
3282,Local,1752,Nantes,,D'Hollande,Imports,fer en platinnes,,,,,400,,,Nantes -- 1752 -- Imports -- AD44_C716,,7,,,,,,,,0,,,,,,,,,
3283,Local,1752,Nantes,,D'Hollande,Imports,fer à repasser,,,,,247,,,Nantes -- 1752 -- Imports -- AD44_C716,,7,,,,,,,,0,,,,,,,,,
3284,Local,1752,Nantes,,D'Hollande,Imports,fer rond,,,,,4781,,,Nantes -- 1752 -- Imports -- AD44_C716,,7,,,,,,,,0,,,,,,,,,
3285,Local,1752,Nantes,,D'Hollande,Imports,fer en taulles,,,,,4079,,,Nantes -- 1752 -- Imports -- AD44_C716,,7,,,,,,,,0,,,,,,,,,
3286,Local,1752,Nantes,,D'Hollande,Imports,feves,,,,,358,,,Nantes -- 1752 -- Imports -- AD44_C716,,7,,,,,,,,0,,,,,,,,,
3287,Local,1752,Nantes,,D'Hollande,Imports,fil de fer,,,,,13225,,,Nantes -- 1752 -- Imports -- AD44_C716,,7,,,,,,,,0,,,,,,,,,
3288,Local,1752,Nantes,,D'Hollande,Imports,fi de leton,,,,,445,,,Nantes -- 1752 -- Imports -- AD44_C716,,7,,,,,,,,0,,,,,,,,,
3289,Local,1752,Nantes,,D'Hollande,Imports,fil à voille,,,,,210,,,Nantes -- 1752 -- Imports -- AD44_C716,,7,,,,,,,,0,,,,,,,,,
3290,Local,1752,Nantes,,D'Hollande,Imports,flacons de verres ,,,,,20234,,,Nantes -- 1752 -- Imports -- AD44_C716,,7,,,,,,,,0,,,,,,,,,
3291,Local,1752,Nantes,,D'Hollande,Imports,fleaux de fer,,,,,,,,de,,plus,,,,,,,,0,,,,,,,,,
3292,Local,1752,Nantes,,D'Hollande,Imports,fromage,,,,,238830,,,Nantes -- 1752 -- Imports -- AD44_C716,,7,,,,,,,,0,,,,,,,,,
3293,Local,1752,Nantes,,D'Hollande,Imports,fusils,,,,,312,en nombre,,Nantes -- 1752 -- Imports -- AD44_C716,,7,,,,,,,,0,,,,,,,,,
3294,Local,1752,Nantes,,D'Hollande,Imports,garance,,,,,34200,,,Nantes -- 1752 -- Imports -- AD44_C716,,7,,,,,,,,0,,,,,,,,,
3295,Local,1752,Nantes,,D'Hollande,Imports,garas,,,,,1417,piece,,Nantes -- 1752 -- Imports -- AD44_C716,,7,,,,,,,,0,,,,,,,,,
3296,Local,1752,Nantes,,D'Hollande,Imports,gingembre,,,,,6761,,,Nantes -- 1752 -- Imports -- AD44_C716,,7,,,,,,,,0,,,,,,,,,
3297,Local,1752,Nantes,,D'Hollande,Imports,graine de houx,,,,,18,,,Nantes -- 1752 -- Imports -- AD44_C716,,7,,,,,,,,0,,,,,,,,,
3298,Local,1752,Nantes,,D'Hollande,Imports,grellots,,,,,1200,,,;,,barriques,,,,,,,,0,,,,,,,,,
3299,Local,1752,Nantes,,D'Hollande,Imports,grueau,,,,,73,Barique,,Nantes -- 1752 -- Imports -- AD44_C716,,7,,,,,,,,0,,,,,,,,,
3300,Local,1752,Nantes,,D'Hollande,Imports,guinée bleue,,,,,3279,piece,,Nantes -- 1752 -- Imports -- AD44_C716,,7,,,,,,,,0,,,,,,,,,
3301,Local,1752,Nantes,,D'Hollande,Imports,guigans de pontichery,,,,,158,piece,,Nantes -- 1752 -- Imports -- AD44_C716,,7,,,,,,,,0,,,,,,,,,
3302,Local,1752,Nantes,,D'Hollande,Imports,harangs sors,,,,,2,Douzaine,,ensemble,,7,,,,,,,,0,,,,,,,,,
3303,Local,1752,Nantes,,D'Hollande,Imports,horloge de sable,,,,,,,,800,,8,,,,,,,,0,,,,,,,,,
3304,Local,1752,Nantes,,D'Hollande,Imports,huile de lin,,,,,,,,L},,8,,,,,,,,0,,,,,,,,,
3305,Local,1752,Nantes,,D'Hollande,Imports,jambons,,,,,8015,,,Nantes -- 1752 -- Imports -- AD44_C716,,8,,,,,,,,0,,,,,,,,,
3306,Local,1752,Nantes,,D'Hollande,Imports,indienne,,,,,1763,,,Nantes -- 1752 -- Imports -- AD44_C716,,8,,,,,,,,0,,,,,,,,,
3307,Local,1752,Nantes,,D'Hollande,Imports,lame d’épées,,,,,741,,,Nantes -- 1752 -- Imports -- AD44_C716,,8,,,,,,,,0,,,,,,,,,
3308,Local,1752,Nantes,,D'Hollande,Imports,langues sallées,,,,,9,Baril,,Nantes -- 1752 -- Imports -- AD44_C716,,8,,,,,,,,0,,,,,,,,,
3309,Local,1752,Nantes,,D'Hollande,Imports,lechefrittes de fer,,,,,14,en nombre,,Nantes -- 1752 -- Imports -- AD44_C716,,8,,,,,,,,0,,,,,,,,,
3310,Local,1752,Nantes,,D'Hollande,Imports,limeneas,,,,,510,piece,,Nantes -- 1752 -- Imports -- AD44_C716,,8,,,,,,,,0,,,,,,,,,
3311,Local,1752,Nantes,,D'Hollande,Imports,lin apresté,,,,,1598,,,Nantes -- 1752 -- Imports -- AD44_C716,,8,,,,,,,,0,,,,,,,,,
3312,Local,1752,Nantes,,D'Hollande,Imports,lin cru,,,,,6558,,,Nantes -- 1752 -- Imports -- AD44_C716,,8,,,,,,,,0,,,,,,,,,
3313,Local,1752,Nantes,,D'Hollande,Imports,lige vieux,,,,,2,Caisse,,Nantes -- 1752 -- Imports -- AD44_C716,,8,,,,,,,,0,,,,,,,,,
3314,Local,1752,Nantes,,D'Hollande,Imports,marbres a joüer,,,,,1767,,,Nantes -- 1752 -- Imports -- AD44_C716,,8,,,,,,,,0,,,,,,,,,
3315,Local,1752,Nantes,,D'Hollande,Imports,mercerie,,,,,2372,,,Nantes -- 1752 -- Imports -- AD44_C716,,8,,,,,,,,0,,,,,,,,,
3316,Local,1752,Nantes,,D'Hollande,Imports,mine de plomb,,,,,1585,,,Nantes -- 1752 -- Imports -- AD44_C716,,8,,,,,,,,0,,,,,,,,,
3317,Local,1752,Nantes,,D'Hollande,Imports,miroirs petits ,,,,,63,Douzaine,,Nantes -- 1752 -- Imports -- AD44_C716,,8,,,,,,,,0,,,,,,,,,
3318,Local,1752,Nantes,,D'Hollande,Imports,mouchoirs de Bengalle,,,,,110,piece,,Nantes -- 1752 -- Imports -- AD44_C716,,8,,,,,,,,0,,,,,,,,,
3319,Local,1752,Nantes,,D'Hollande,Imports,moulins à caffé,,,,,572,,,Nantes -- 1752 -- Imports -- AD44_C716,,8,,,,,,,,0,,,,,,,,,
3320,Local,1752,Nantes,,D'Hollande,Imports,moulins a mahi,,,,,1,en nombre,,Nantes -- 1752 -- Imports -- AD44_C716,,8,,,,,,,,0,,,,,,,,,
3321,Local,1752,Nantes,,D'Hollande,Imports,nicaneas grand,,,,,2576,piece,,Nantes -- 1752 -- Imports -- AD44_C716,,8,,,,,,,,0,,,,,,,,,
3322,Local,1752,Nantes,,D'Hollande,Imports,nicaneas petis,,,,,100,piece,,Nantes -- 1752 -- Imports -- AD44_C716,,8,,,,,,,,0,,,,,,,,,
3323,Local,1752,Nantes,,D'Hollande,Imports,neganepaux,,,,,395,piece,,Nantes -- 1752 -- Imports -- AD44_C716,,8,,,,,,,,0,,,,,,,,,
3324,Local,1752,Nantes,,D'Hollande,Imports,noir de fumée,,,,,700,Baril,,Nantes -- 1752 -- Imports -- AD44_C716,,8,,,,,,,,0,,,,,,,,,
3325,Local,1752,Nantes,,D'Hollande,Imports,orge,,,,,1865,Tonneaux,,Nantes -- 1752 -- Imports -- AD44_C716,,8,,,,,,,,0,,,,,,,,,
3326,Local,1752,Nantes,,D'Hollande,Imports,orge mondée ,,,,,2262,,,Nantes -- 1752 -- Imports -- AD44_C716,,8,,,,,,,,0,,,,,,,,,
3327,Local,1752,Nantes,,D'Hollande,Imports,outils de Menuisier,,,,,12039,,,Nantes -- 1752 -- Imports -- AD44_C716,,8,,,,,,,,0,,,,,,,,,
3328,Local,1752,Nantes,,D'Hollande,Imports,papier,,,,,433,,,Nantes -- 1752 -- Imports -- AD44_C716,,8,,,,,,,,0,,,,,,,,,
3329,Local,1752,Nantes,,D'Hollande,Imports,patins à glisser,,,,,5,,,Nantes -- 1752 -- Imports -- AD44_C716,,8,,,,,,,,0,,,,,,,,,
3330,Local,1752,Nantes,,D'Hollande,Imports,peaux de lapin,,,,,1,,,Nantes -- 1752 -- Imports -- AD44_C716,,8,,,,,,,,0,,,,,,,,,
3331,Local,1752,Nantes,,D'Hollande,Imports,peaux de petit gris,,,,,1,,,Nantes -- 1752 -- Imports -- AD44_C716,,8,,,,,,,,0,,,,,,,,,
3332,Local,1752,Nantes,,D'Hollande,Imports,poulis de Bois,,,,,2400,,,Nantes -- 1752 -- Imports -- AD44_C716,,8,,,,,,,,0,,,,,,,,,
3333,Local,1752,Nantes,,D'Hollande,Imports,photas ,,,,,700,,,Nantes -- 1752 -- Imports -- AD44_C716,,8,,,,,,,,0,,,,,,,,,
3334,Local,1752,Nantes,,D'Hollande,Imports,pipes à fumer,,,,,2705,,,Nantes -- 1752 -- Imports -- AD44_C716,,8,,,,,,,,0,,,,,,,,,
3335,Local,1752,Nantes,,D'Hollande,Imports,planche de prusse,,,,,60,,,Nantes -- 1752 -- Imports -- AD44_C716,,9,,,,,,,,0,,,,,,,,,
3336,Local,1752,Nantes,,D'Hollande,Imports,planches de sapin,,,,,,,,Nantes -- 1752 -- Imports -- AD44_C716,,9,,,,,,,,0,,,,,,,,,
3337,Local,1752,Nantes,,D'Hollande,Imports,plan d’asperges,,,,,7,,,Nantes -- 1752 -- Imports -- AD44_C716,,9,,,,,,,,0,,,,,,,,,
3338,Local,1752,Nantes,,D'Hollande,Imports,platinnes à ferrurre,,,,,972,,,Nantes -- 1752 -- Imports -- AD44_C716,,9,,,,,,,,0,,,,,,,,,
3339,Local,1752,Nantes,,D'Hollande,Imports,plomb a gibier,,,,,1100,,,Nantes -- 1752 -- Imports -- AD44_C716,,9,,,,,,,,0,,,,,,,,,
3340,Local,1752,Nantes,,D'Hollande,Imports,plomb en saumon,,,,,14916,,,Nantes -- 1752 -- Imports -- AD44_C716,,9,,,,,,,,0,,,,,,,,,
3341,Local,1752,Nantes,,D'Hollande,Imports,plumes à écrire,,,,,2003,,,Nantes -- 1752 -- Imports -- AD44_C716,,9,,,,,,,,0,,,,,,,,,
3342,Local,1752,Nantes,,D'Hollande,Imports,plumes à lin,,,,,220,,,Nantes -- 1752 -- Imports -- AD44_C716,,9,,,,,,,,0,,,,,,,,,
3343,Local,1752,Nantes,,D'Hollande,Imports,poesles de fer,,,,,4,,,Nantes -- 1752 -- Imports -- AD44_C716,,9,,,,,,,,0,,,,,,,,,
3344,Local,1752,Nantes,,D'Hollande,Imports,poeles a frire ,,,,,6641,,,Nantes -- 1752 -- Imports -- AD44_C716,,9,,,,,,,,0,,,,,,,,,
3345,Local,1752,Nantes,,D'Hollande,Imports,poeles a frire,,,,,915,,,Nantes -- 1752 -- Imports -- AD44_C716,,9,,,,,,,,0,,,,,,,,,
3346,Local,1752,Nantes,,D'Hollande,Imports,???,,,,,10,,,Nantes -- 1752 -- Imports -- AD44_C716,,9,,,,,,,,0,,,,,,,,,
3347,Local,1752,Nantes,,D'Hollande,Imports,poivre,,,,,55545,,,Nantes -- 1752 -- Imports -- AD44_C716,,9,,,,,,,,0,,,,,,,,,
3348,Local,1752,Nantes,,D'Hollande,Imports,poix grasses,,,,,6235,,,Nantes -- 1752 -- Imports -- AD44_C716,,9,,,,,,,,0,,,,,,,,,
3349,Local,1752,Nantes,,D'Hollande,Imports,pots de chaises de commodité,,,,,1,Douzaine,,Nantes -- 1752 -- Imports -- AD44_C716,,9,,,,,,,,0,,,,,,,,,
3350,Local,1752,Nantes,,D'Hollande,Imports,poudre à cirer ,,,,,30150,,,Nantes -- 1752 -- Imports -- AD44_C716,,9,,,,,,,,0,,,,,,,,,
3351,Local,1752,Nantes,,D'Hollande,Imports,quincaille de fer  ,,,,,11213,,,Nantes -- 1752 -- Imports -- AD44_C716,,9,,,,,,,,0,,,,,,,,,
3352,Local,1752,Nantes,,D'Hollande,Imports,rasade,,,,,12935,,,Nantes -- 1752 -- Imports -- AD44_C716,,9,,,,,,,,0,,,,,,,,,
3353,Local,1752,Nantes,,D'Hollande,Imports,rasade ,,,,,234,piece,,Nantes -- 1752 -- Imports -- AD44_C716,,9,,,,,,,,0,,,,,,,,,
3354,Local,1752,Nantes,,D'Hollande,Imports,raves de morües,,,,,336,,,Nantes -- 1752 -- Imports -- AD44_C716,,9,,,,,,,,0,,,,,,,,,
3355,Local,1752,Nantes,,D'Hollande,Imports,ris,,,,,20242,,,Nantes -- 1752 -- Imports -- AD44_C716,,9,,,,,,,,0,,,,,,,,,
3356,Local,1752,Nantes,,D'Hollande,Imports,sabres,,,,,322,en nombre,,Nantes -- 1752 -- Imports -- AD44_C716,,10,,,,,,,,0,,,,,,,,,
3357,Local,1752,Nantes,,D'Hollande,Imports,salemporis bleue,,,,,560,piece,,Nantes -- 1752 -- Imports -- AD44_C716,,10,,,,,,,,0,,,,,,,,,
3358,Local,1752,Nantes,,D'Hollande,Imports,saumons salé,,,,,10 ???,,,Nantes -- 1752 -- Imports -- AD44_C716,,10,,,,,,,,#VALEUR !,,,,,,,,,
3359,Local,1752,Nantes,,D'Hollande,Imports,scies,,,,,334,,,Nantes -- 1752 -- Imports -- AD44_C716,,10,,,,,,,,0,,,,,,,,,
3360,Local,1752,Nantes,,D'Hollande,Imports,sceaux de bois,,,,,18,en nombre,,Nantes -- 1752 -- Imports -- AD44_C716,,10,,,,,,,,0,,,,,,,,,
3361,Local,1752,Nantes,,D'Hollande,Imports,sonnettes,,,,,,,,Nantes -- 1752 -- Imports -- AD44_C716,,10,,,,,,,,0,,,,,,,,,
3362,Local,1752,Nantes,,D'Hollande,Imports,souffre,,,,,11831,,,Nantes -- 1752 -- Imports -- AD44_C716,,10,,,,,,,,0,,,,,,,,,
3363,Local,1752,Nantes,,D'Hollande,Imports,soye de porc,,,,,8,,,Nantes -- 1752 -- Imports -- AD44_C716,,10,,,,,,,,0,,,,,,,,,
3364,Local,1752,Nantes,,D'Hollande,Imports,stocfiche,,,,,204,,,Nantes -- 1752 -- Imports -- AD44_C716,,10,,,,,,,,0,,,,,,,,,
3365,Local,1752,Nantes,,D'Hollande,Imports,sucre candy,,,,,11,,,Nantes -- 1752 -- Imports -- AD44_C716,,10,,,,,,,,0,,,,,,,,,
3366,Local,1752,Nantes,,D'Hollande,Imports,suif,,,,,5740,,,Nantes -- 1752 -- Imports -- AD44_C716,,10,,,,,,,,0,,,,,,,,,
3367,Local,1752,Nantes,,D'Hollande,Imports,sumac,,,,,2161,,,Nantes -- 1752 -- Imports -- AD44_C716,,10,,,,,,,,0,,,,,,,,,
3368,Local,1752,Nantes,,D'Hollande,Imports,tabac,,,,,181,,,Nantes -- 1752 -- Imports -- AD44_C716,,10,,,,,,,,0,,,,,,,,,
3369,Local,1752,Nantes,,D'Hollande,Imports,Tabattières d’email,,,,,1,en nombre,,Nantes -- 1752 -- Imports -- AD44_C716,,10,,,,,,,,0,,,,,,,,,
3370,Local,1752,Nantes,,D'Hollande,Imports,tables peintes,,,,,32,en nombre,,Nantes -- 1752 -- Imports -- AD44_C716,,10,,,,,,,,0,,,,,,,,,
3371,Local,1752,Nantes,,D'Hollande,Imports,tambours de fer,,,,,2650,,,Nantes -- 1752 -- Imports -- AD44_C716,,10,,,,,,,,0,,,,,,,,,
3372,Local,1752,Nantes,,D'Hollande,Imports,tapfel grand,,,,,195,piece,,Nantes -- 1752 -- Imports -- AD44_C716,,10,,,,,,,,0,,,,,,,,,
3373,Local,1752,Nantes,,D'Hollande,Imports,thé,,,,,328,,,Nantes -- 1752 -- Imports -- AD44_C716,,10,,,,,,,,0,,,,,,,,,
3374,Local,1752,Nantes,,D'Hollande,Imports,toille bleuë,,,,,20,,,Nantes -- 1752 -- Imports -- AD44_C716,,10,,,,,,,,0,,,,,,,,,
3375,Local,1752,Nantes,,D'Hollande,Imports,toille peinte  ,,,,,3633,piece,,Nantes -- 1752 -- Imports -- AD44_C716,,10,,,,,,,,0,,,,,,,,,
3376,Local,1752,Nantes,,D'Hollande,Imports,toille platille,,,,,5300,piece,,Nantes -- 1752 -- Imports -- AD44_C716,,10,,,,,,,,0,,,,,,,,,
3377,Local,1752,Nantes,,D'Hollande,Imports,toille à voile,,,,,2300,aune,,Nantes -- 1752 -- Imports -- AD44_C716,,10,,,,,,,,0,,,,,,,,,
3378,Local,1752,Nantes,,D'Hollande,Imports,verd de gris,,,,,1500,,,Nantes -- 1752 -- Imports -- AD44_C716,,10,,,,,,,,0,,,,,,,,,
3379,Local,1752,Nantes,,D'Hollande,Imports,verres cristalins,,,,,880,,,Nantes -- 1752 -- Imports -- AD44_C716,,10,,,,,,,,0,,,,,,,,,
3380,Local,1752,Nantes,,D'Hollande,Imports,verroterie,,,,,4855,,,Nantes -- 1752 -- Imports -- AD44_C716,,10,,,,,,,,0,,,,,,,,,
3381,Local,1752,Nantes,,D'Hollande,Imports,poivre,,,double entry??? See above,,,,,Nantes -- 1752 -- Imports -- AD44_C716,,10,,,,,,,,#VALEUR !,,,,,,,,,
3382,Local,1752,Nantes,,Du Nord,Imports,acier,,,,,2462,,,Nantes -- 1752 -- Imports -- AD44_C716,,10,,,,,,,,0,,,,,,,,,
3383,Local,1752,Nantes,,Du Nord,Imports,alun,,,,,6000,,,Nantes -- 1752 -- Imports -- AD44_C716,,11,,,,,,,,0,,,,,,,,,
3384,Local,1752,Nantes,,Du Nord,Imports,amadou,,,,,12600,,,Nantes -- 1752 -- Imports -- AD44_C716,,11,,,,,,,,0,,,,,,,,,
3385,Local,1752,Nantes,,Du Nord,Imports,amidon,,,,,100059,,,Nantes -- 1752 -- Imports -- AD44_C716,,11,,,,,,,,0,,,,,,,,,
3386,Local,1752,Nantes,,Du Nord,Imports,azur,,,,,7345,,,Nantes -- 1752 -- Imports -- AD44_C716,,11,,,,,,,,0,,,,,,,,,
3387,Local,1752,Nantes,,Du Nord,Imports,baleine coupée,,,,,1860,,,Nantes -- 1752 -- Imports -- AD44_C716,,11,,,,,,,,0,,,,,,,,,
3388,Local,1752,Nantes,,Du Nord,Imports,bœuf fumé,,,,,2420,,,Nantes -- 1752 -- Imports -- AD44_C716,,11,,,,,,,,0,,,,,,,,,
3389,Local,1752,Nantes,,Du Nord,Imports,bierre,,,,,,,,Nantes -- 1752 -- Imports -- AD44_C716,,11,,,,,,,,0,,,,,,,,,
3390,Local,1752,Nantes,,Du Nord,Imports,bled fromens,,,,,2299,,,Nantes -- 1752 -- Imports -- AD44_C716,,11,,,,,,,,0,,,,,,,,,
3391,Local,1752,Nantes,,Du Nord,Imports,bled seigle,,,,,9073,,,Nantes -- 1752 -- Imports -- AD44_C716,,11,,,,,,,,0,,,,,,,,,
3392,Local,1752,Nantes,,Du Nord,Imports,bois d’inde ,,,,,1000,,,Nantes -- 1752 -- Imports -- AD44_C716,,11,,,,,,,,0,,,,,,,,,
3393,Local,1752,Nantes,,Du Nord,Imports,bouteilles de verres,,,,,1311,,,Nantes -- 1752 -- Imports -- AD44_C716,,11,,,,,,,,0,,,,,,,,,
3394,Local,1752,Nantes,,Du Nord,Imports,brosserie,,,,,15,,,Nantes -- 1752 -- Imports -- AD44_C716,,11,,,,,,,,0,,,,,,,,,
3395,Local,1752,Nantes,,Du Nord,Imports,chanvre crue,,,,,125861,,,Nantes -- 1752 -- Imports -- AD44_C716,,11,,,,,,,,0,,,,,,,,,
3396,Local,1752,Nantes,,Du Nord,Imports,chauffe pies,,,,,6,en nombre,,Nantes -- 1752 -- Imports -- AD44_C716,,11,,,,,,,,0,,,,,,,,,
3397,Local,1752,Nantes,,Du Nord,Imports,cire jaune,,,,,5944,,,Nantes -- 1752 -- Imports -- AD44_C716,,11,,,,,,,,0,,,,,,,,,
3398,Local,1752,Nantes,,Du Nord,Imports,colle forte,,,,,1587,,,Nantes -- 1752 -- Imports -- AD44_C716,,11,,,,,,,,0,,,,,,,,,
3399,Local,1752,Nantes,,Du Nord,Imports,couperoze,,,,,26284,,,Nantes -- 1752 -- Imports -- AD44_C716,,11,,,,,,,,0,,,,,,,,,
3400,Local,1752,Nantes,,Du Nord,Imports,cuir de russie,,,,,9545,,,Nantes -- 1752 -- Imports -- AD44_C716,,11,,,,,,,,0,,,,,,,,,
3401,Local,1752,Nantes,,Du Nord,Imports,cuivre jaune,,,,,855,,,Nantes -- 1752 -- Imports -- AD44_C716,,11,,,,,,,,0,,,,,,,,,
3402,Local,1752,Nantes,,Du Nord,Imports,cuivre rouge en planches,,,,,32757,,,Nantes -- 1752 -- Imports -- AD44_C716,,11,,,,,,,,0,,,,,,,,,
3403,Local,1752,Nantes,,Du Nord,Imports,fer blanc double  ,,,,,18,Baril,,Nantes -- 1752 -- Imports -- AD44_C716,,11,,,,,,,,0,,,,,,,,,
3404,Local,1752,Nantes,,Du Nord,Imports,fer blanc simple  ,,,,,260,Baril,,Nantes -- 1752 -- Imports -- AD44_C716,,11,,,,,,,,0,,,,,,,,,
3405,Local,1752,Nantes,,Du Nord,Imports,fer en lames,,,,,24,,,Nantes -- 1752 -- Imports -- AD44_C716,,11,,,,,,,,0,,,,,,,,,
3406,Local,1752,Nantes,,Du Nord,Imports,fer noir,,,,,,,,Nantes -- 1752 -- Imports -- AD44_C716,,11,,,,,,,,0,,,,,,,,,
3407,Local,1752,Nantes,,Du Nord,Imports,feves,,,,,20,,,Nantes -- 1752 -- Imports -- AD44_C716,,11,,,,,,,,0,,,,,,,,,
3408,Local,1752,Nantes,,Du Nord,Imports,fil de leton,,,,,815,,,Nantes -- 1752 -- Imports -- AD44_C716,,11,,,,,,,,0,,,,,,,,,
3409,Local,1752,Nantes,,Du Nord,Imports,fourures de petit gris,,,,,14,en nombre,,Nantes -- 1752 -- Imports -- AD44_C716,,11,,,,,,,,0,,,,,,,,,
3410,Local,1752,Nantes,,Du Nord,Imports,fromage,,,,,35,,,Nantes -- 1752 -- Imports -- AD44_C716,,11,,,,,,,,0,,,,,,,,,
3411,Local,1752,Nantes,,Du Nord,Imports,garance,,,,,15000,,,Nantes -- 1752 -- Imports -- AD44_C716,,11,,,,,,,,0,,,,,,,,,
3412,Local,1752,Nantes,,Du Nord,Imports,graine de jardin,,,,,2,,,Nantes -- 1752 -- Imports -- AD44_C716,,12,,,,,,,,0,,,,,,,,,
3413,Local,1752,Nantes,,Du Nord,Imports,jambons,,,,,69,,,Nantes -- 1752 -- Imports -- AD44_C716,,12,,,,,,,,0,,,,,,,,,
3414,Local,1752,Nantes,,Du Nord,Imports,laine,,,,,100,,,Nantes -- 1752 -- Imports -- AD44_C716,,12,,,,,,,,0,,,,,,,,,
3415,Local,1752,Nantes,,Du Nord,Imports,lin cru,,,,,180782,,,Nantes -- 1752 -- Imports -- AD44_C716,,12,,,,,,,,0,,,,,,,,,
3416,Local,1752,Nantes,,Du Nord,Imports,liqueur,,,,,4,,,Nantes -- 1752 -- Imports -- AD44_C716,,12,,,,,,,,0,,,,,,,,,
3417,Local,1752,Nantes,,Du Nord,Imports,mane ,,,,,281,,,Nantes -- 1752 -- Imports -- AD44_C716,,12,,,,,,,,0,,,,,,,,,
3418,Local,1752,Nantes,,Du Nord,Imports,mercerie,,,,,11391,,,Nantes -- 1752 -- Imports -- AD44_C716,,12,,,,,,,,0,,,,,,,,,
3419,Local,1752,Nantes,,Du Nord,Imports,mairrain baricage,,,,,3000,,,Nantes -- 1752 -- Imports -- AD44_C716,,12,,,,,,,,0,,,,,,,,,
3420,Local,1752,Nantes,,Du Nord,Imports,mairrain pipage,,,,,6360,,,Nantes -- 1752 -- Imports -- AD44_C716,,12,,,,,,,,0,,,,,,,,,
3421,Local,1752,Nantes,,Du Nord,Imports,moulin à caffé,,,,,5,,,Nantes -- 1752 -- Imports -- AD44_C716,,12,,,,,,,,0,,,,,,,,,
3422,Local,1752,Nantes,,Du Nord,Imports,orge,,,,,101,,,Nantes -- 1752 -- Imports -- AD44_C716,,12,,,,,,,,0,,,,,,,,,
3423,Local,1752,Nantes,,Du Nord,Imports,papier,,,,,1,,,Nantes -- 1752 -- Imports -- AD44_C716,,12,,,,,,,,0,,,,,,,,,
3424,Local,1752,Nantes,,Du Nord,Imports,peaux d’hermines,,,,,161,,,Nantes -- 1752 -- Imports -- AD44_C716,,12,,,,,,,,0,,,,,,,,,
3425,Local,1752,Nantes,,Du Nord,Imports,peaux de lièvres,,,,,200,,,Nantes -- 1752 -- Imports -- AD44_C716,,12,,,,,,,,0,,,,,,,,,
3426,Local,1752,Nantes,,Du Nord,Imports,peaux de petit gris,,,,,1000,,,Nantes -- 1752 -- Imports -- AD44_C716,,12,,,,,,,,0,,,,,,,,,
3427,Local,1752,Nantes,,Du Nord,Imports,pelles de bois,,,,,10,Douzaine,,Nantes -- 1752 -- Imports -- AD44_C716,,12,,,,,,,,0,,,,,,,,,
3428,Local,1752,Nantes,,Du Nord,Imports,pimens,,,,,133,,,Nantes -- 1752 -- Imports -- AD44_C716,,12,,,,,,,,0,,,,,,,,,
3429,Local,1752,Nantes,,Du Nord,Imports,pipes à fumer,,,,,4,,,Nantes -- 1752 -- Imports -- AD44_C716,,12,,,,,,,,0,,,,,,,,,
3430,Local,1752,Nantes,,Du Nord,Imports,planches de sapin,,,,,,,,Nantes -- 1752 -- Imports -- AD44_C716,,13,,,,,,,,0,,,,,,,,,
3431,Local,1752,Nantes,,Du Nord,Imports,plumes à écrire,,,,,425,,,Nantes -- 1752 -- Imports -- AD44_C716,,12,,,,,,,,0,,,,,,,,,
3432,Local,1752,Nantes,,Du Nord,Imports,plumes à lit,,,,,866,,,Nantes -- 1752 -- Imports -- AD44_C716,,12,,,,,,,,0,,,,,,,,,
3433,Local,1752,Nantes,,Du Nord,Imports,poids verds,,,,,6,,,Nantes -- 1752 -- Imports -- AD44_C716,,12,,,,,,,,0,,,,,,,,,
3434,Local,1752,Nantes,,Du Nord,Imports,poivre,,,,,15000,,,Nantes -- 1752 -- Imports -- AD44_C716,,12,,,,,,,,0,,,,,,,,,
3435,Local,1752,Nantes,,Du Nord,Imports,quincaillerie de fer ,,,,,3945,,,Nantes -- 1752 -- Imports -- AD44_C716,,12,,,,,,,,0,,,,,,,,,
3436,Local,1752,Nantes,,Du Nord,Imports,rosaire,,,,,300,,,Nantes -- 1752 -- Imports -- AD44_C716,,12,,,,,,,,0,,,,,,,,,
3437,Local,1752,Nantes,,Du Nord,Imports,soliveaux de sapin,,,,,92,,,Nantes -- 1752 -- Imports -- AD44_C716,,13,,,,,,,,0,,,,,,,,,
3438,Local,1752,Nantes,,Du Nord,Imports,sucre en pain,,,,,495,,,Nantes -- 1752 -- Imports -- AD44_C716,,13,,,,,,,,0,,,,,,,,,
3439,Local,1752,Nantes,,Du Nord,Imports,toille platille,,,,,6817,,,Nantes -- 1752 -- Imports -- AD44_C716,,13,,,,,,,,0,,,,,,,,,
3440,Local,1752,Nantes,,Du Nord,Imports,toille à voile,,,,,18050,,,Nantes -- 1752 -- Imports -- AD44_C716,,13,,,,,,,,0,,,,,,,,,
3441,Local,1752,Nantes,,Du Nord,Imports,verres cristalins,,,,,480,,,Nantes -- 1752 -- Imports -- AD44_C716,,13,,,,,,,,0,,,,,,,,,
3442,Local,1752,Nantes,,Du Nord,Imports,vin,,,,,3,Tonneaux,,Nantes -- 1752 -- Imports -- AD44_C716,,13,,,,,,,,0,,,,,,,,,
3443,Local,1752,Nantes,,Du Nord,Imports,vin d’hongrie,,,,,85,,,Nantes -- 1752 -- Imports -- AD44_C716,,13,,,,,,,,0,,,,,,,,,
3444,Local,1752,Nantes,,De Russie,Imports,chanvre cru,,,,,1497748,,,Nantes -- 1752 -- Imports -- AD44_C716,,13,,,,,,,,0,,,,,,,,,
3445,Local,1752,Nantes,,De Russie,Imports,espars,,,,,60,,,Nantes -- 1752 -- Imports -- AD44_C716,,13,,,,,,,,0,,,,,,,,,
3446,Local,1752,Nantes,,De Russie,Imports,lin cru,,,,,1386,,,Nantes -- 1752 -- Imports -- AD44_C716,,13,,,,,,,,0,,,,,,,,,
3447,Local,1752,Nantes,,De Russie,Imports,lin peigne,,,,,300,,,Nantes -- 1752 -- Imports -- AD44_C716,,13,,,,,,,,0,,,,,,,,,
3448,Local,1752,Nantes,,De Russie,Imports,matreaux,,,,,32,,,Nantes -- 1752 -- Imports -- AD44_C716,,13,,,,,,,,0,,,,,,,,,
3449,Local,1752,Nantes,,De Russie,Imports,planches de sapin,,,,,,,,Nantes -- 1752 -- Imports -- AD44_C716,,13,,,,,,,,0,,,,,,,,,
3450,Local,1752,Nantes,,De Suède,Imports,acier,,,,,90208,,,Nantes -- 1752 -- Imports -- AD44_C716,,13,,,,,,,,0,,,,,,,,,
3451,Local,1752,Nantes,,De Suède,Imports,amadou,,,,,2884,,,Nantes -- 1752 -- Imports -- AD44_C716,,13,,,,,,,,0,,,,,,,,,
3452,Local,1752,Nantes,,De Suède,Imports,bled fromen,,,,,20,Tonneaux,,Nantes -- 1752 -- Imports -- AD44_C716,,13,,,,,,,,0,,,,,,,,,
3453,Local,1752,Nantes,,De Suède,Imports,bled seigle,,,,,420,Tonneaux,,Nantes -- 1752 -- Imports -- AD44_C716,,13,,,,,,,,0,,,,,,,,,
3454,Local,1752,Nantes,,De Suède,Imports,bray gras,,,,,417,Baril,,Nantes -- 1752 -- Imports -- AD44_C716,,13,,,,,,,,0,,,,,,,,,
3455,Local,1752,Nantes,,De Suède,Imports,canon de fonte de fer,,,,,4920,,,Nantes -- 1752 -- Imports -- AD44_C716,,13,,,,,,,,0,,,,,,,,,
3456,Local,1752,Nantes,,De Suède,Imports,cloux de fer,,,,,12177,,,Nantes -- 1752 -- Imports -- AD44_C716,,14,,,,,,,,0,,,,,,,,,
3457,Local,1752,Nantes,,De Suède,Imports,douelles de sapin,,,,,384,en nombre,,Nantes -- 1752 -- Imports -- AD44_C716,,14,,,,,,,,0,,,,,,,,,
3458,Local,1752,Nantes,,De Suède,Imports,espars,,,,,30,en nombre,,Nantes -- 1752 -- Imports -- AD44_C716,,14,,,,,,,,0,,,,,,,,,
3459,Local,1752,Nantes,,De Suède,Imports,fer en barres,,,,,,,,Nantes -- 1752 -- Imports -- AD44_C716,,14,,,,,,,,0,,,,,,,,,
3460,Local,1752,Nantes,,De Suède,Imports,fer en plaques,,,,,812,,,Nantes -- 1752 -- Imports -- AD44_C716,,14,,,,,,,,0,,,,,,,,,
3461,Local,1752,Nantes,,De Suède,Imports,fer en taule,,,,,5477,,,Nantes -- 1752 -- Imports -- AD44_C716,,14,,,,,,,,0,,,,,,,,,
3462,Local,1752,Nantes,,De Suède,Imports,gaudron,,,,,660,Baril,,Nantes -- 1752 -- Imports -- AD44_C716,,14,,,,,,,,0,,,,,,,,,
3463,Local,1752,Nantes,,De Suède,Imports,manches de gaffe,,,,,60,,,Nantes -- 1752 -- Imports -- AD44_C716,,14,,,,,,,,0,,,,,,,,,
3464,Local,1752,Nantes,,De Suède,Imports,mat,,,,,1,,,Nantes -- 1752 -- Imports -- AD44_C716,,14,,,,,,,,0,,,,,,,,,
3465,Local,1752,Nantes,,De Suède,Imports,matreaux,,,,,,,,Nantes -- 1752 -- Imports -- AD44_C716,,14,,,,,,,,0,,,,,,,,,
3466,Local,1752,Nantes,,De Suède,Imports,pelles de bois,,,,,3,Douzaine,,Nantes -- 1752 -- Imports -- AD44_C716,,14,,,,,,,,0,,,,,,,,,
3467,Local,1752,Nantes,,De Suède,Imports,planches de sapin,,,,,,,,Nantes -- 1752 -- Imports -- AD44_C716,,14,,,,,,,,0,,,,,,,,,
3468,Local,1752,Nantes,,Des îles françaises de l’Amérique,Imports,baignoires d’acajou,,,,,2,en nombre,,Nantes -- 1752 -- Imports -- AD44_C716,,14,,,,,,,,0,,,,,,,,,
3469,Local,1752,Nantes,,Des îles françaises de l’Amérique,Imports,bois de brezil,,,,,21975,,,Nantes -- 1752 -- Imports -- AD44_C716,,16,,,,,,,,0,,,,,,,,,
3470,Local,1752,Nantes,,Des îles françaises de l’Amérique,Imports,bois de campeche,,,,,361125,,,Nantes -- 1752 -- Imports -- AD44_C716,,16,,,,,,,,0,,,,,,,,,
3471,Local,1752,Nantes,,Des îles françaises de l’Amérique,Imports,bois de gayac,,,,,201300,,,Nantes -- 1752 -- Imports -- AD44_C716,,16,,,,,,,,0,,,,,,,,,
3472,Local,1752,Nantes,,Des îles françaises de l’Amérique,Imports,bois de machenette,,,,,7,,,Nantes -- 1752 -- Imports -- AD44_C716,,16,,,,,,,,0,,,,,,,,,
3473,Local,1752,Nantes,,Des îles françaises de l’Amérique,Imports,bois marbre,,,,,6,,,Nantes -- 1752 -- Imports -- AD44_C716,,16,,,,,,,,0,,,,,,,,,
3474,Local,1752,Nantes,,Des îles françaises de l’Amérique,Imports,caco broyé,,,,,299,,,Nantes -- 1752 -- Imports -- AD44_C716,,16,,,,,,,,0,,,,,,,,,
3475,Local,1752,Nantes,,Des îles françaises de l’Amérique,Imports,cacao en grain,,,,,42580,,,Nantes -- 1752 -- Imports -- AD44_C716,,16,,,,,,,,0,,,,,,,,,
3476,Local,1752,Nantes,,Des îles françaises de l’Amérique,Imports,caffé des isles,,,,,2369884,,,Nantes -- 1752 -- Imports -- AD44_C716,,16,,,,,,,,0,,,,,,,,,
3477,Local,1752,Nantes,,Des îles françaises de l’Amérique,Imports,canefiche,,,,,7100,,,Nantes -- 1752 -- Imports -- AD44_C716,,16,,,,,,,,0,,,,,,,,,
3478,Local,1752,Nantes,,Des îles françaises de l’Amérique,Imports,capillaire en feuilles,,,,,5,,,Nantes -- 1752 -- Imports -- AD44_C716,,16,,,,,,,,0,,,,,,,,,
3479,Local,1752,Nantes,,Des îles françaises de l’Amérique,Imports,chevrons d’acajou,,,,,108,,,Nantes -- 1752 -- Imports -- AD44_C716,,16,,,,,,,,0,,,,,,,,,
3480,Local,1752,Nantes,,Des îles françaises de l’Amérique,Imports,chocolat,,,,,83,,,Nantes -- 1752 -- Imports -- AD44_C716,,16,,,,,,,,0,,,,,,,,,
3481,Local,1752,Nantes,,Des îles françaises de l’Amérique,Imports,cire jaune,,,,,1043,,,Nantes -- 1752 -- Imports -- AD44_C716,,16,,,,,,,,0,,,,,,,,,
3482,Local,1752,Nantes,,Des îles françaises de l’Amérique,Imports,citrons confits,,,,,1078,,,Nantes -- 1752 -- Imports -- AD44_C716,,16,,,,,,,,0,,,,,,,,,
3483,Local,1752,Nantes,,Des îles françaises de l’Amérique,Imports,cocos,,,,,53,,,Nantes -- 1752 -- Imports -- AD44_C716,,16,,,,,,,,0,,,,,,,,,
3484,Local,1752,Nantes,,Des îles françaises de l’Amérique,Imports,confitures,,,,,19062,,,Nantes -- 1752 -- Imports -- AD44_C716,,16,,,,,,,,0,,,,,,,,,
3485,Local,1752,Nantes,,Des îles françaises de l’Amérique,Imports,coquillages,,,,,9091,,,Nantes -- 1752 -- Imports -- AD44_C716,,16,,,,,,,,0,,,,,,,,,
3486,Local,1752,Nantes,,Des îles françaises de l’Amérique,Imports,cotton en laine,,,,,933573,,,Nantes -- 1752 -- Imports -- AD44_C716,,16,,,,,,,,0,,,,,,,,,
3487,Local,1752,Nantes,,Des îles françaises de l’Amérique,Imports,cuirs fin en poil,,,,,11970,,,Nantes -- 1752 -- Imports -- AD44_C716,,16,,,,,,,,0,,,,,,,,,
3488,Local,1752,Nantes,,Des îles françaises de l’Amérique,Imports,cuirs tannés,,,,,424,,,Nantes -- 1752 -- Imports -- AD44_C716,,16,,,,,,,,0,,,,,,,,,
3489,Local,1752,Nantes,,Des îles françaises de l’Amérique,Imports,dents de Morphil,,,,,4065,,,Nantes -- 1752 -- Imports -- AD44_C716,,16,,,,,,,,0,,,,,,,,,
3490,Local,1752,Nantes,,Des îles françaises de l’Amérique,Imports,eau de senteur,,,,,70,,,Nantes -- 1752 -- Imports -- AD44_C716,,16,,,,,,,,0,,,,,,,,,
3491,Local,1752,Nantes,,Des îles françaises de l’Amérique,Imports,ecaille de cahouanne,,,,,500,,,Nantes -- 1752 -- Imports -- AD44_C716,,16,,,,,,,,0,,,,,,,,,
3492,Local,1752,Nantes,,Des îles françaises de l’Amérique,Imports,ecaille de tortue,,,,,230,,,Nantes -- 1752 -- Imports -- AD44_C716,,16,,,,,,,,0,,,,,,,,,
3493,Local,1752,Nantes,,Des îles françaises de l’Amérique,Imports,ecorce de bois,,,,,110,,,Nantes -- 1752 -- Imports -- AD44_C716,,16,,,,,,,,0,,,,,,,,,
3494,Local,1752,Nantes,,Des îles françaises de l’Amérique,Imports,esprit de taffia,,,,,5,,,Nantes -- 1752 -- Imports -- AD44_C716,,16,,,,,,,,0,,,,,,,,,
3495,Local,1752,Nantes,,Des îles françaises de l’Amérique,Imports,gingembre,,,,,29054,,,Nantes -- 1752 -- Imports -- AD44_C716,,16,,,,,,,,0,,,,,,,,,
3496,Local,1752,Nantes,,Des îles françaises de l’Amérique,Imports,gomme copale,,,,,414,,,Nantes -- 1752 -- Imports -- AD44_C716,,16,,,,,,,,0,,,,,,,,,
3497,Local,1752,Nantes,,Des îles françaises de l’Amérique,Imports,graine à chapelets,,,,,320,,,Nantes -- 1752 -- Imports -- AD44_C716,,16,,,,,,,,0,,,,,,,,,
3498,Local,1752,Nantes,,Des îles françaises de l’Amérique,Imports,grainne de Palme,,,,,36,,,Nantes -- 1752 -- Imports -- AD44_C716,,16,,,,,,,,0,,,,,,,,,
3499,Local,1752,Nantes,,Des îles françaises de l’Amérique,Imports,graine rouge,,,,,218,,,Nantes -- 1752 -- Imports -- AD44_C716,,16,,,,,,,,0,,,,,,,,,
3500,Local,1752,Nantes,,Des îles françaises de l’Amérique,Imports,herbes à charpentier,,,,,26,,,Nantes -- 1752 -- Imports -- AD44_C716,,16,,,,,,,,0,,,,,,,,,
3501,Local,1752,Nantes,,Des îles françaises de l’Amérique,Imports,herbes medicinalles,,,,,6,,,Nantes -- 1752 -- Imports -- AD44_C716,,16,,,,,,,,0,,,,,,,,,
3502,Local,1752,Nantes,,Des îles françaises de l’Amérique,Imports,huile de palme,,,,,640,,,Nantes -- 1752 -- Imports -- AD44_C716,,17,,,,,,,,0,,,,,,,,,
3503,Local,1752,Nantes,,Des îles françaises de l’Amérique,Imports,indigo,,,,,461179,,,Nantes -- 1752 -- Imports -- AD44_C716,,17,,,,,,,,0,,,,,,,,,
3504,Local,1752,Nantes,,Des îles françaises de l’Amérique,Imports,jus de citron,,,,,39,,,Nantes -- 1752 -- Imports -- AD44_C716,,17,,,,,,,,0,,,,,,,,,
3505,Local,1752,Nantes,,Des îles françaises de l’Amérique,Imports,liqueurs,,,,,,,,Nantes -- 1752 -- Imports -- AD44_C716,,17,,,,,,,,0,,,,,,,,,
3506,Local,1752,Nantes,,Des îles françaises de l’Amérique,Imports,madriers d’acajou,,,,,,,,Nantes -- 1752 -- Imports -- AD44_C716,,17,,,,,,,,0,,,,,,,,,
3507,Local,1752,Nantes,,Des îles françaises de l’Amérique,Imports,noix d’acajou,,,,,816,,,Nantes -- 1752 -- Imports -- AD44_C716,,17,,,,,,,,0,,,,,,,,,
3508,Local,1752,Nantes,,Des îles françaises de l’Amérique,Imports,noix de galles,,,,,18,,,Nantes -- 1752 -- Imports -- AD44_C716,,17,,,,,,,,0,,,,,,,,,
3509,Local,1752,Nantes,,Des îles françaises de l’Amérique,Imports,ongles de carret,,,,,335,,,Nantes -- 1752 -- Imports -- AD44_C716,,17,,,,,,,,0,,,,,,,,,
3510,Local,1752,Nantes,,Des îles françaises de l’Amérique,Imports,oranges douces,,,,,4700,,,Nantes -- 1752 -- Imports -- AD44_C716,,17,,,,,,,,0,,,,,,,,,
3511,Local,1752,Nantes,,Des îles françaises de l’Amérique,Imports,peaux de chevreuils,,,,,510,,,Nantes -- 1752 -- Imports -- AD44_C716,,17,,,,,,,,0,,,,,,,,,
3512,Local,1752,Nantes,,Des îles françaises de l’Amérique,Imports,peaux de veau aprestées,,,,,328,,,Nantes -- 1752 -- Imports -- AD44_C716,,17,,,,,,,,0,,,,,,,,,
3513,Local,1752,Nantes,,Des îles françaises de l’Amérique,Imports,pipes à fumer,,,,,48,,,Nantes -- 1752 -- Imports -- AD44_C716,,17,,,,,,,,0,,,,,,,,,
3514,Local,1752,Nantes,,Des îles françaises de l’Amérique,Imports,planches d’acajou,,,,,,,,Nantes -- 1752 -- Imports -- AD44_C716,,17,,,,,,,,0,,,,,,,,,
3515,Local,1752,Nantes,,Des îles françaises de l’Amérique,Imports,poutreau d’acajou,,,,,2,Douzaine,,Nantes -- 1752 -- Imports -- AD44_C716,,17,,,,,,,,0,,,,,,,,,
3516,Local,1752,Nantes,,Des îles françaises de l’Amérique,Imports,ris,,,,,786,,,Nantes -- 1752 -- Imports -- AD44_C716,,17,,,,,,,,0,,,,,,,,,
3517,Local,1752,Nantes,,Des îles françaises de l’Amérique,Imports,saxafras,,,,,1148,,,Nantes -- 1752 -- Imports -- AD44_C716,,17,,,,,,,,0,,,,,,,,,
3518,Local,1752,Nantes,,Des îles françaises de l’Amérique,Imports,simarouba,,,,,6,,,Nantes -- 1752 -- Imports -- AD44_C716,,17,,,,,,,,0,,,,,,,,,
3519,Local,1752,Nantes,,Des îles françaises de l’Amérique,Imports,sirop de capilaire,,,,,1909,,,Nantes -- 1752 -- Imports -- AD44_C716,,17,,,,,,,,0,,,,,,,,,
3520,Local,1752,Nantes,,Des îles françaises de l’Amérique,Imports,sirop de limon,,,,,8428,,,Nantes -- 1752 -- Imports -- AD44_C716,,17,,,,,,,,0,,,,,,,,,
3521,Local,1752,Nantes,,Des îles françaises de l’Amérique,Imports,sirop melasse,,,,,12231,,,Nantes -- 1752 -- Imports -- AD44_C716,,17,,,,,,,,0,,,,,,,,,
3522,Local,1752,Nantes,,Des îles françaises de l’Amérique,Imports,sucre brut,,,,,24809587,,,Nantes -- 1752 -- Imports -- AD44_C716,,17,,,,,,,,0,,,,,,,,,
3523,Local,1752,Nantes,,Des îles françaises de l’Amérique,Imports,sucre en pain,,,,,873,,,Nantes -- 1752 -- Imports -- AD44_C716,,17,,,,,,,,0,,,,,,,,,
3524,Local,1752,Nantes,,Des îles françaises de l’Amérique,Imports,sucre terré,,,,,14695453,,,Nantes -- 1752 -- Imports -- AD44_C716,,17,,,,,,,,0,,,,,,,,,
3525,Local,1752,Nantes,,Des îles françaises de l’Amérique,Imports,sucre tete,,,,,3768999,,,Nantes -- 1752 -- Imports -- AD44_C716,,17,,,,,,,,0,,,,,,,,,
3526,Local,1752,Nantes,,Des îles françaises de l’Amérique,Imports,tabac en andouille,,,,,173,,,Nantes -- 1752 -- Imports -- AD44_C716,,17,,,,,,,,0,,,,,,,,,
3527,Local,1752,Nantes,,Des îles françaises de l’Amérique,Imports,tabac de la havanne,,,,,16521,,,Nantes -- 1752 -- Imports -- AD44_C716,,17,,,,,,,,0,,,,,,,,,
3528,Local,1752,Nantes,,Des îles françaises de l’Amérique,Imports,tabac d’espagne,,,,,348,,,Nantes -- 1752 -- Imports -- AD44_C716,,17,,,,,,,,0,,,,,,,,,
3529,Local,1752,Nantes,,Des îles françaises de l’Amérique,Imports,tabac en poudre,,,,,7700,,,Nantes -- 1752 -- Imports -- AD44_C716,,17,,,,,,,,0,,,,,,,,,
3530,Local,1752,Nantes,,Des îles françaises de l’Amérique,Imports,taffia,,,,,,,,Nantes -- 1752 -- Imports -- AD44_C716,,17,,,,,,,,0,,,,,,,,,
3531,Local,1752,Nantes,,Des îles françaises de l’Amérique,Imports,thé,,,,,57,,,Nantes -- 1752 -- Imports -- AD44_C716,,17,,,,,,,,0,,,,,,,,,
3532,Local,1752,Nantes,,Des îles françaises de l’Amérique,Imports,vanille,,,,,67,,,Nantes -- 1752 -- Imports -- AD44_C716,,17,,,,,,,,0,,,,,,,,,
3533,Local,1752,Nantes,,Des îles françaises de l’Amérique,Imports,vin de bordeaux,,,,,,,,Nantes -- 1752 -- Imports -- AD44_C716,,17,,,,,,,,0,,,,,,,,,
3534,Local,1752,Nantes,,Des îles françaises de l’Amérique,Imports,vulnéraires,,,,,132,,,Nantes -- 1752 -- Imports -- AD44_C716,,17,,,,,,,,0,,,,,,,,,
