"Exports_imports";"Product_sector";"year";"Index_value";"Part_value";"Part_flux"
"Imports";"All";1718;100;0,963163781470753;0,715189873417722
"Imports";"All";1719;69,7275277915325;0,926640632118349;0,680073126142596
"Imports";"All";1720;60,073854060472;0,93865627187701;0,655893536121673
"Imports";"All";1721;59,3194740434656;0,928590264351887;0,678104575163399
"Imports";"All";1722;61,3537409120759;0,943787295166366;0,655038759689923
"Imports";"All";1723;78,9132096718321;0,93670627216812;0,595774647887324
"Imports";"All";1724;97,5576358311963;0,899401100507884;0,627118644067797
"Imports";"All";1725;63,7713906886748;0,814086394984907;0,575604838709677
"Imports";"All";1726;51,6082389685208;0,758444538455179;0,603752759381898
"Imports";"All";1727;44,1985282599758;0,69724566938955;0,60119940029985
"Imports";"All";1728;37,8578447262472;0,771111218912882;0,617529880478088
"Imports";"All";1729;37,8498791516619;0,77797258538204;0,663636363636364
"Imports";"All";1730;37,8863128001948;0,837725316117839;0,61320293398533
"Imports";"All";1731;35,0843041859332;0,830960675222069;0,626568265682657
"Imports";"All";1732;42,7392354903354;0,752679200642565;0,62389995368226
"Imports";"All";1733;48,9232870521932;0,854163186802269;0,657635467980296
"Imports";"All";1734;44,2234473052729;0,922720818170056;0,650135256988278
"Imports";"All";1735;45,405925008689;0,865827075346852;0,675465838509317
"Imports";"All";1736;44,4339875109351;0,838740861366564;0,663764233087743
"Imports";"All";1737;42,8649690787135;0,768887026737891;0,655555555555556
"Imports";"All";1738;42,8653309983716;0,795239269720324;0,607269853812722
"Imports";"All";1739;43,5336295310488;0,569662595731839;0,574582924435721
"Imports";"All";1740;47,1304675604439;0,777241856764154;0,564451158106747
"Imports";"All";1741;48,9548058112346;0,658885788215959;0,554517133956386
"Imports";"All";1742;48,7324392626949;0,651350282198271;0,541250656857593
"Imports";"All";1743;49,1699363460476;0,760034209850497;0,551406649616368
"Imports";"All";1744;54,1857242353555;0,761046147263484;0,586854460093897
"Imports";"All";1745;55,5799642059854;0,725639538501572;0,568
"Imports";"All";1746;61,1688543267019;0,806162585049876;0,57351290684624
"Imports";"All";1747;61,4450896021487;0,838087220523113;0,57840616966581
"Imports";"All";1748;55,3699880199711;0,829553293348872;0,542479546884833
"Imports";"All";1749;49,1889642953674;0,817746671889847;0,603036876355748
"Imports";"All";1750;54,2079188727872;0,807953583688101;0,577155088538626
"Imports";"All";1751;51,994514332209;0,848170867788195;0,572987012987013
"Imports";"All";1752;49,00803762561;0,739761094230457;0,552644116245831
"Imports";"All";1753;51,9023869301968;0,797841310176347;0,556517036235803
"Imports";"All";1754;54,3916466261087;0,832877403616662;0,534839019702066
"Imports";"All";1755;53,6950052562285;0,829564793700516;0,523648648648649
"Imports";"All";1756;55,0814710981114;0,818708880417826;0,540239726027397
"Imports";"All";1757;56,7192253682707;0,763677716748139;0,531943212067436
"Imports";"All";1758;63,3158799403753;0,794426202774099;0,51478179258564
"Imports";"All";1759;63,746444374541;0,835998610064557;0,512936344969199
"Imports";"All";1760;61,2508132950506;0,899718640163691;0,61003861003861
"Imports";"All";1761;67,2523234872214;0,768860695370473;0,505478451424397
"Imports";"All";1762;65,0741686172557;0,908676600564557;0,511226944667201
"Imports";"All";1763;59,8383538447007;0,856419900873159;0,480479452054795
"Imports";"All";1764;58,7516687119042;0,892947019029187;0,497191011235955
"Imports";"All";1765;58,3508958152369;0,914754587419333;0,534996276991809
"Imports";"All";1766;56,780021310135;0,932870745841115;0,501629844259326
"Imports";"All";1767;58,4780127178682;0,909016125669162;0,514312096029548
"Imports";"All";1768;60,1508589600116;0,890052932354526;0,485469271081467
"Imports";"All";1769;58,3807649851421;0,930823680671694;0,524370297677462
"Imports";"All";1770;59,2450627769983;0,937297454931477;0,499766245909303
"Imports";"All";1771;61,9256665090216;0,897241958682056;0,505092869982025
"Imports";"All";1772;61,0503662764416;0,904044607185051;0,491003598560576
"Imports";"All";1773;64,0208571160865;0,881766549860242;0,466328413284133
"Imports";"All";1774;59,4063198076536;0,920929631831446;0,492729117348664
"Imports";"All";1775;58,7684502450715;0,885987797932532;0,5
"Imports";"All";1776;62,8982499245239;0,896195108430983;0,511659807956104
"Imports";"All";1777;66,2877303513359;0,910834085231146;0,440207972270364
"Imports";"All";1778;67,3112576290628;0,889674375134957;0,514442231075697
"Imports";"All";1779;73,1378917032067;0,758613066966259;0,489745183343692
"Imports";"All";1780;69,1474604293692;0,721264683731172;0,465028355387524
"Imports";"All";1781;NA;NA;NA
"Imports";"All";1782;NA;NA;NA
"Imports";"All";1783;NA;NA;NA
"Imports";"All";1784;NA;NA;NA
"Imports";"All";1785;NA;NA;NA
"Imports";"All";1786;NA;NA;NA
"Imports";"All";1787;69,6640923741611;0,571883088157676;0,218282111899133
"Imports";"All";1788;NA;NA;NA
"Imports";"All";1789;83,6499991930939;0,823588779822083;0,380606312292359
"Exports";"All";1718;100;0,812764222734074;0,618887015177066
"Exports";"All";1719;115,668831734667;0,93299366812205;0,579365079365079
"Exports";"All";1720;87,4799160696145;0,943714138422555;0,577123050259965
"Exports";"All";1721;93,118365251941;0,940422123888871;0,604166666666667
"Exports";"All";1722;106,245870548295;0,949009781813239;0,651785714285714
"Exports";"All";1723;170,536118840918;0,940478921551731;0,581521739130435
"Exports";"All";1724;184,211728048682;0,938388172822344;0,657534246575342
"Exports";"All";1725;188,295188674716;0,776539559368061;0,495436766623207
"Exports";"All";1726;148,960710953235;0,845782068638915;0,499437570303712
"Exports";"All";1727;139,804114213876;0,813806229533427;0,487554904831625
"Exports";"All";1728;127,370346158885;0,86587316247034;0,453001132502831
"Exports";"All";1729;106,503999728596;0,879061771597631;0,557203389830508
"Exports";"All";1730;120,2215035274;0,8407668801727;0,502593659942363
"Exports";"All";1731;117,655227220284;0,831584857665335;0,484210526315789
"Exports";"All";1732;133,016117685748;0,865242562576134;0,475029492725128
"Exports";"All";1733;128,76125189383;0,863312252234404;0,492839090143218
"Exports";"All";1734;155,479772027181;0,889498434072722;0,462889066241022
"Exports";"All";1735;125,749575006967;0,882501499908134;0,501512096774194
"Exports";"All";1736;126,28044854651;0,849041930655783;0,498220640569395
"Exports";"All";1737;127,519140927952;0,703650015558929;0,508024349750968
"Exports";"All";1738;136,69062324351;0,659117507693406;0,472987872105843
"Exports";"All";1739;129,340753831483;0,681786845479233;0,444444444444444
"Exports";"All";1740;137,659944675787;0,872434310246252;0,440646821021683
"Exports";"All";1741;141,62365943318;0,867941216720098;0,4032874617737
"Exports";"All";1742;143,708128477117;0,935635029290464;0,453956834532374
"Exports";"All";1743;125,748846626662;0,81323127044277;0,407432432432432
"Exports";"All";1744;126,810538783086;0,892019878195094;0,434587080948487
"Exports";"All";1745;130,645856308719;0,86005459617634;0,43019801980198
"Exports";"All";1746;137,699740954626;0,820759709073609;0,472831953940266
"Exports";"All";1747;135,791582929432;0,865292377655508;0,469856087125632
"Exports";"All";1748;148,85096550644;0,859555423408324;0,55592841163311
"Exports";"All";1749;135,718807598403;0,890147292057768;0,453290246768508
"Exports";"All";1750;145,274299010507;0,659684860809381;0,461433818528091
"Exports";"All";1751;147,174276041464;0,831514925537497;0,460232350312779
"Exports";"All";1752;147,271594423962;0,934075770005857;0,429021179164282
"Exports";"All";1753;145,552529110912;0,870193255939582;0,440725806451613
"Exports";"All";1754;154,338689370441;0,892057054265658;0,42441637964026
"Exports";"All";1755;142,65306991255;0,843815886972064;0,400550795593635
"Exports";"All";1756;148,889393988511;0,772812949639924;0,423869801084991
"Exports";"All";1757;139,821690899718;0,885635158223464;0,540791100123609
"Exports";"All";1758;144,675824545176;0,854389799684482;0,544973544973545
"Exports";"All";1759;157,444397071301;0,835859253953561;0,425502101821579
"Exports";"All";1760;156,388917289577;0,897464423664067;0,406696610861576
"Exports";"All";1761;147,551851885522;0,822705900297703;0,417753623188406
"Exports";"All";1762;146,819016197104;0,90780421992775;0,422032583397983
"Exports";"All";1763;150,865156198658;0,886836905051933;0,38395673726904
"Exports";"All";1764;148,102701145676;0,83251431391857;0,374838152783772
"Exports";"All";1765;141,137822636589;0,855496710223056;0,390665967488201
"Exports";"All";1766;146,818366474665;0,63626565695406;0,377135348226018
"Exports";"All";1767;147,844157814296;0,94233135398063;0,380206097037355
"Exports";"All";1768;135,056210838683;0,840634816422336;0,391772501380453
"Exports";"All";1769;140,35847242355;0,847352433960442;0,393742478941035
"Exports";"All";1770;151,190766255517;0,880080751986668;0,359612277867528
"Exports";"All";1771;147,798067151092;0,8417124408949;0,423062662217278
"Exports";"All";1772;138,407143532486;0,849186865775423;0,372380440623321
"Exports";"All";1773;133,94418111826;0,849487833207927;0,340765391014975
"Exports";"All";1774;132,387996953745;0,846132246170459;0,360896637608966
"Exports";"All";1775;142,993022057432;0,84997759485302;0,332512315270936
"Exports";"All";1776;141,934321710943;0,835189116308418;0,354251497005988
"Exports";"All";1777;146,656202736244;0,905603516912046;0,276676109537299
"Exports";"All";1778;161,901507147522;0,836000033430796;0,305569620253165
"Exports";"All";1779;165,364926241119;0,754735937852253;0,406763738844528
"Exports";"All";1780;153,10886927211;0,762751323631545;0,383105294467579
"Exports";"All";1781;NA;NA;NA
"Exports";"All";1782;NA;NA;NA
"Exports";"All";1783;NA;NA;NA
"Exports";"All";1784;NA;NA;NA
"Exports";"All";1785;NA;NA;NA
"Exports";"All";1786;NA;NA;NA
"Exports";"All";1787;NA;NA;NA
"Exports";"All";1788;NA;NA;NA
"Exports";"All";1789;185,500134854912;0,732273220920275;0,27337431252022
"Imports";"Manufactures";1718;100;0,105068497302833;0,348101265822785
"Imports";"Manufactures";1719;124,554038786165;0,137861034038075;0,393053016453382
"Imports";"Manufactures";1720;98,0052878174796;0,101214835444624;0,380228136882129
"Imports";"Manufactures";1721;116,531560179984;0,196738109354341;0,388888888888889
"Imports";"Manufactures";1722;163,000245908086;0,106507413426332;0,348837209302326
"Imports";"Manufactures";1723;252,066305060762;0,195048008278198;0,325352112676056
"Imports";"Manufactures";1724;245,384368150287;0,201221288956817;0,372881355932203
"Imports";"Manufactures";1725;218,468824764423;0,174296938708372;0,303427419354839
"Imports";"Manufactures";1726;207,297596014558;0,144490485752208;0,330022075055188
"Imports";"Manufactures";1727;218,162183921269;0,282356892689838;0,305847076461769
"Imports";"Manufactures";1728;194,256440230482;0,165500316738284;0,328685258964143
"Imports";"Manufactures";1729;181,344096651809;0,169692461609618;0,346753246753247
"Imports";"Manufactures";1730;170,375476091165;0,183960418407638;0,311002444987775
"Imports";"Manufactures";1731;180,246207152697;0,149541642528659;0,345387453874539
"Imports";"Manufactures";1732;166,828071365931;0,151974131854592;0,321908290875405
"Imports";"Manufactures";1733;169,765490029208;0,183410933907758;0,334975369458128
"Imports";"Manufactures";1734;158,75262726706;0,140370695824722;0,351668169522092
"Imports";"Manufactures";1735;159,102628559628;0,13992440470895;0,343167701863354
"Imports";"Manufactures";1736;165,332585229975;0,118887923585617;0,347622237106497
"Imports";"Manufactures";1737;152,525858830815;0,0983673717119157;0,358641975308642
"Imports";"Manufactures";1738;160,289825544118;0,136861817093394;0,314500197550375
"Imports";"Manufactures";1739;150,579745821856;0,115157170886089;0,303238469087341
"Imports";"Manufactures";1740;159,318096445229;0,140215532836919;0,307150050352467
"Imports";"Manufactures";1741;173,142165805918;0,116881542624238;0,308856252781486
"Imports";"Manufactures";1742;172,304845205952;0,103995702730023;0,287440882816605
"Imports";"Manufactures";1743;170,735211648682;0,132054934992321;0,295652173913043
"Imports";"Manufactures";1744;173,968908157516;0,144146697516073;0,310902451747522
"Imports";"Manufactures";1745;176,743136128192;0,150288459223822;0,296
"Imports";"Manufactures";1746;183,227635021461;0,159083162419801;0,298540965207632
"Imports";"Manufactures";1747;187,669189422883;0,178335738050671;0,30012853470437
"Imports";"Manufactures";1748;193,461312719189;0,21542002310469;0,278162366268093
"Imports";"Manufactures";1749;160,744275635409;0,141427022061237;0,351409978308026
"Imports";"Manufactures";1750;207,84072091945;0,18813449586703;0,303561004086398
"Imports";"Manufactures";1751;177,411521203058;0,195586820511161;0,298701298701299
"Imports";"Manufactures";1752;176,996525830926;0,161972164758956;0,296331586469747
"Imports";"Manufactures";1753;177,499536481056;0,147184728941552;0,283937263385614
"Imports";"Manufactures";1754;180,475613418373;0,168826808704715;0,265737626141278
"Imports";"Manufactures";1755;201,288867798525;0,167241104326069;0,274493243243243
"Imports";"Manufactures";1756;205,02066808023;0,238040632623501;0,266267123287671
"Imports";"Manufactures";1757;175,230059872619;0,275028779451151;0,276841171251109
"Imports";"Manufactures";1758;188,53944785057;0,279657624440856;0,255748474894416
"Imports";"Manufactures";1759;197,736587652408;0,201024688416832;0,252156057494867
"Imports";"Manufactures";1760;108,284632648646;0,15054849978245;0,242277992277992
"Imports";"Manufactures";1761;235,52208769429;0,227262122996329;0,239590942293645
"Imports";"Manufactures";1762;194,114821213921;0,273917003410358;0,264234161988773
"Imports";"Manufactures";1763;191,558459780622;0,196651006544698;0,245547945205479
"Imports";"Manufactures";1764;213,792425467765;0,21579593212016;0,262289325842697
"Imports";"Manufactures";1765;247,210855246313;0,210349971222534;0,275502606105733
"Imports";"Manufactures";1766;218,987344627203;0,191705467967341;0,250271640709888
"Imports";"Manufactures";1767;206,439508100297;0,164016116291017;0,247460757156048
"Imports";"Manufactures";1768;232,227026670242;0,190330524959459;0,228203906622201
"Imports";"Manufactures";1769;207,902660719439;0,143480002579538;0,24795551193981
"Imports";"Manufactures";1770;215,030948336476;0,120000181437285;0,231884057971014
"Imports";"Manufactures";1771;215,050608849895;0,114007661225465;0,236369083283403
"Imports";"Manufactures";1772;213,673432280926;0,152474952075315;0,241903238704518
"Imports";"Manufactures";1773;237,769674845612;0,186167419407479;0,226014760147601
"Imports";"Manufactures";1774;225,558411918843;0,137006888810264;0,231991883665878
"Imports";"Manufactures";1775;210,931257746463;0,18954606578725;0,224508886810103
"Imports";"Manufactures";1776;234,062224134467;0,177255165444324;0,245541838134431
"Imports";"Manufactures";1777;247,59645360695;0,118577847375004;0,190641247833622
"Imports";"Manufactures";1778;183,449564629411;0,051243947465028;0,229581673306773
"Imports";"Manufactures";1779;261,02234191787;0,142928986411978;0,222498446239901
"Imports";"Manufactures";1780;234,786389185288;0,103629433110266;0,198487712665406
"Imports";"Manufactures";1781;NA;NA;NA
"Imports";"Manufactures";1782;NA;NA;NA
"Imports";"Manufactures";1783;NA;NA;NA
"Imports";"Manufactures";1784;NA;NA;NA
"Imports";"Manufactures";1785;NA;NA;NA
"Imports";"Manufactures";1786;NA;NA;NA
"Imports";"Manufactures";1787;180,449808784773;0,115802181114908;0,101654846335697
"Imports";"Manufactures";1788;NA;NA;NA
"Imports";"Manufactures";1789;221,204108994715;0,142345894585009;0,170992524916944
"Exports";"Manufactures";1718;100;0,0897097977557226;0,396290050590219
"Exports";"Manufactures";1719;134,385596943601;0,205874198606779;0,384920634920635
"Exports";"Manufactures";1720;123,552791341802;0,157171988338721;0,374350086655113
"Exports";"Manufactures";1721;132,052637472577;0,101372444288017;0,347222222222222
"Exports";"Manufactures";1722;106,347426377712;0,169185560028362;0,419642857142857
"Exports";"Manufactures";1723;165,614281869548;0,111982836628019;0,385869565217391
"Exports";"Manufactures";1724;239,671920469475;0,0891991829119252;0,424657534246575
"Exports";"Manufactures";1725;189,245643366592;0,0617822769814638;0,26857887874837
"Exports";"Manufactures";1726;206,25329529896;0,204918566076683;0,280089988751406
"Exports";"Manufactures";1727;192,191203827861;0,428330074811114;0,301610541727672
"Exports";"Manufactures";1728;185,076636096782;0,403076990397354;0,276896942242356
"Exports";"Manufactures";1729;176,998230934714;0,249463491920187;0,347457627118644
"Exports";"Manufactures";1730;182,036719085697;0,34748590052436;0,343515850144092
"Exports";"Manufactures";1731;181,116244044444;0,433917724891885;0,300584795321637
"Exports";"Manufactures";1732;179,692660736861;0,480550326399301;0,321667322060558
"Exports";"Manufactures";1733;179,976314769767;0,524620990852943;0,296545914069082
"Exports";"Manufactures";1734;176,398526982539;0,207457595921643;0,294493216280926
"Exports";"Manufactures";1735;177,166037157454;0,450723692503208;0,299899193548387
"Exports";"Manufactures";1736;170,073408807393;0,430638120123194;0,307829181494662
"Exports";"Manufactures";1737;167,182148266804;0,246078992762003;0,323187603763143
"Exports";"Manufactures";1738;171,618506411294;0,268030427127619;0,325615582506431
"Exports";"Manufactures";1739;170,331451245238;0,246518691046041;0,26989365603227
"Exports";"Manufactures";1740;172,338415500636;0,403451281051413;0,262036016170526
"Exports";"Manufactures";1741;178,107677423905;0,495973594064877;0,249617737003058
"Exports";"Manufactures";1742;165,042480035095;0,179864922069125;0,305035971223022
"Exports";"Manufactures";1743;177,324948904994;0,358535152458121;0,24527027027027
"Exports";"Manufactures";1744;182,183416027008;0,28948642014921;0,248160261651676
"Exports";"Manufactures";1745;183,743752861433;0,417021548519821;0,233663366336634
"Exports";"Manufactures";1746;187,229398598265;0,366320422886943;0,27455919395466
"Exports";"Manufactures";1747;189,122517469415;0,480522066832492;0,290937378451964
"Exports";"Manufactures";1748;192,063217266247;0,304249477965224;0,36241610738255
"Exports";"Manufactures";1749;196,566813362231;0,385720893338037;0,288190364277321
"Exports";"Manufactures";1750;202,83462275543;0,33918599895024;0,286627669704802
"Exports";"Manufactures";1751;185,494241733587;0,325472295428837;0,280905570449806
"Exports";"Manufactures";1752;203,695339022911;0,473888058136711;0,257870635374928
"Exports";"Manufactures";1753;202,329529148233;0,17557324108023;0,28991935483871
"Exports";"Manufactures";1754;196,390536125527;0,194303506629311;0,278989667049369
"Exports";"Manufactures";1755;201,592847819848;0,355483911794;0,248164014687882
"Exports";"Manufactures";1756;200,426189124018;0,377717384420912;0,242676311030741
"Exports";"Manufactures";1757;202,233720595963;0,289123811587972;0,332509270704574
"Exports";"Manufactures";1758;194,313086566961;0,279569453990755;0,343915343915344
"Exports";"Manufactures";1759;196,196745857955;0,518960077326392;0,248482017748716
"Exports";"Manufactures";1760;192,352837675988;0,461432994093087;0,23070641077991
"Exports";"Manufactures";1761;189,445462951474;0,412136580702361;0,257608695652174
"Exports";"Manufactures";1762;186,957677490792;0,495615002710428;0,246702870442203
"Exports";"Manufactures";1763;194,943046608669;0,555020671346476;0,240648940964398
"Exports";"Manufactures";1764;198,77060729331;0,260412728796475;0,240181268882175
"Exports";"Manufactures";1765;187,997812135128;0,23093663072072;0,233875196643943
"Exports";"Manufactures";1766;209,279261347794;0,245115664405141;0,223390275952694
"Exports";"Manufactures";1767;196,051108440101;0,346655451866532;0,226921425504508
"Exports";"Manufactures";1768;182,911356165948;0,283754496378431;0,236333517393705
"Exports";"Manufactures";1769;193,787194474969;0,276513603756614;0,239229843561974
"Exports";"Manufactures";1770;200,21944840129;0,216939750396397;0,212600969305331
"Exports";"Manufactures";1771;206,950871069769;0,369745261187144;0,273637374860957
"Exports";"Manufactures";1772;207,126146621938;0,247020106473886;0,222461042450296
"Exports";"Manufactures";1773;204,089055560726;0,246765154723725;0,196339434276206
"Exports";"Manufactures";1774;194,85452625763;0,279550370313738;0,216438356164384
"Exports";"Manufactures";1775;202,54435808683;0,230312527722946;0,188423645320197
"Exports";"Manufactures";1776;201,226428814246;0,268305866086134;0,213173652694611
"Exports";"Manufactures";1777;194,462131839259;0,143680071987736;0,135033050047214
"Exports";"Manufactures";1778;201,564901405278;0,236960208391463;0,182784810126582
"Exports";"Manufactures";1779;204,356591902266;0,379496637434193;0,217472992015031
"Exports";"Manufactures";1780;193,233042612737;0,388503515407496;0,211183819155265
"Exports";"Manufactures";1781;NA;NA;NA
"Exports";"Manufactures";1782;NA;NA;NA
"Exports";"Manufactures";1783;NA;NA;NA
"Exports";"Manufactures";1784;NA;NA;NA
"Exports";"Manufactures";1785;NA;NA;NA
"Exports";"Manufactures";1786;NA;NA;NA
"Exports";"Manufactures";1787;NA;NA;NA
"Exports";"Manufactures";1788;NA;NA;NA
"Exports";"Manufactures";1789;213,978909154144;0,252257121483017;0,17987706243934
"Imports";"Non-agricultural primary goods";1718;100;0,963163781470753;0,715189873417722
"Imports";"Non-agricultural primary goods";1719;69,7275277915325;0,926640632118349;0,680073126142596
"Imports";"Non-agricultural primary goods";1720;60,073854060472;0,93865627187701;0,655893536121673
"Imports";"Non-agricultural primary goods";1721;59,3194740434656;0,928590264351887;0,678104575163399
"Imports";"Non-agricultural primary goods";1722;61,3537409120759;0,943787295166366;0,655038759689923
"Imports";"Non-agricultural primary goods";1723;78,9132096718321;0,93670627216812;0,595774647887324
"Imports";"Non-agricultural primary goods";1724;97,5576358311963;0,899401100507884;0,627118644067797
"Imports";"Non-agricultural primary goods";1725;63,7713906886748;0,814086394984907;0,575604838709677
"Imports";"Non-agricultural primary goods";1726;51,6082389685208;0,758444538455179;0,603752759381898
"Imports";"Non-agricultural primary goods";1727;44,1985282599758;0,69724566938955;0,60119940029985
"Imports";"Non-agricultural primary goods";1728;37,8578447262472;0,771111218912882;0,617529880478088
"Imports";"Non-agricultural primary goods";1729;37,8498791516619;0,77797258538204;0,663636363636364
"Imports";"Non-agricultural primary goods";1730;37,8863128001948;0,837725316117839;0,61320293398533
"Imports";"Non-agricultural primary goods";1731;35,0843041859332;0,830960675222069;0,626568265682657
"Imports";"Non-agricultural primary goods";1732;42,7392354903354;0,752679200642565;0,62389995368226
"Imports";"Non-agricultural primary goods";1733;48,9232870521932;0,854163186802269;0,657635467980296
"Imports";"Non-agricultural primary goods";1734;44,2234473052729;0,922720818170056;0,650135256988278
"Imports";"Non-agricultural primary goods";1735;45,405925008689;0,865827075346852;0,675465838509317
"Imports";"Non-agricultural primary goods";1736;44,4339875109351;0,838740861366564;0,663764233087743
"Imports";"Non-agricultural primary goods";1737;42,8649690787135;0,768887026737891;0,655555555555556
"Imports";"Non-agricultural primary goods";1738;42,8653309983716;0,795239269720324;0,607269853812722
"Imports";"Non-agricultural primary goods";1739;43,5336295310488;0,569662595731839;0,574582924435721
"Imports";"Non-agricultural primary goods";1740;47,1304675604439;0,777241856764154;0,564451158106747
"Imports";"Non-agricultural primary goods";1741;48,9548058112346;0,658885788215959;0,554517133956386
"Imports";"Non-agricultural primary goods";1742;48,7324392626949;0,651350282198271;0,541250656857593
"Imports";"Non-agricultural primary goods";1743;49,1699363460476;0,760034209850497;0,551406649616368
"Imports";"Non-agricultural primary goods";1744;54,1857242353555;0,761046147263484;0,586854460093897
"Imports";"Non-agricultural primary goods";1745;55,5799642059854;0,725639538501572;0,568
"Imports";"Non-agricultural primary goods";1746;61,1688543267019;0,806162585049876;0,57351290684624
"Imports";"Non-agricultural primary goods";1747;61,4450896021487;0,838087220523113;0,57840616966581
"Imports";"Non-agricultural primary goods";1748;55,3699880199711;0,829553293348872;0,542479546884833
"Imports";"Non-agricultural primary goods";1749;49,1889642953674;0,817746671889847;0,603036876355748
"Imports";"Non-agricultural primary goods";1750;54,2079188727872;0,807953583688101;0,577155088538626
"Imports";"Non-agricultural primary goods";1751;51,994514332209;0,848170867788195;0,572987012987013
"Imports";"Non-agricultural primary goods";1752;49,00803762561;0,739761094230457;0,552644116245831
"Imports";"Non-agricultural primary goods";1753;51,9023869301968;0,797841310176347;0,556517036235803
"Imports";"Non-agricultural primary goods";1754;54,3916466261087;0,832877403616662;0,534839019702066
"Imports";"Non-agricultural primary goods";1755;53,6950052562285;0,829564793700516;0,523648648648649
"Imports";"Non-agricultural primary goods";1756;55,0814710981114;0,818708880417826;0,540239726027397
"Imports";"Non-agricultural primary goods";1757;56,7192253682707;0,763677716748139;0,531943212067436
"Imports";"Non-agricultural primary goods";1758;63,3158799403753;0,794426202774099;0,51478179258564
"Imports";"Non-agricultural primary goods";1759;63,746444374541;0,835998610064557;0,512936344969199
"Imports";"Non-agricultural primary goods";1760;61,2508132950506;0,899718640163691;0,61003861003861
"Imports";"Non-agricultural primary goods";1761;67,2523234872214;0,768860695370473;0,505478451424397
"Imports";"Non-agricultural primary goods";1762;65,0741686172557;0,908676600564557;0,511226944667201
"Imports";"Non-agricultural primary goods";1763;59,8383538447007;0,856419900873159;0,480479452054795
"Imports";"Non-agricultural primary goods";1764;58,7516687119042;0,892947019029187;0,497191011235955
"Imports";"Non-agricultural primary goods";1765;58,3508958152369;0,914754587419333;0,534996276991809
"Imports";"Non-agricultural primary goods";1766;56,780021310135;0,932870745841115;0,501629844259326
"Imports";"Non-agricultural primary goods";1767;58,4780127178682;0,909016125669162;0,514312096029548
"Imports";"Non-agricultural primary goods";1768;60,1508589600116;0,890052932354526;0,485469271081467
"Imports";"Non-agricultural primary goods";1769;58,3807649851421;0,930823680671694;0,524370297677462
"Imports";"Non-agricultural primary goods";1770;59,2450627769983;0,937297454931477;0,499766245909303
"Imports";"Non-agricultural primary goods";1771;61,9256665090216;0,897241958682056;0,505092869982025
"Imports";"Non-agricultural primary goods";1772;61,0503662764416;0,904044607185051;0,491003598560576
"Imports";"Non-agricultural primary goods";1773;64,0208571160865;0,881766549860242;0,466328413284133
"Imports";"Non-agricultural primary goods";1774;59,4063198076536;0,920929631831446;0,492729117348664
"Imports";"Non-agricultural primary goods";1775;58,7684502450715;0,885987797932532;0,5
"Imports";"Non-agricultural primary goods";1776;62,8982499245239;0,896195108430983;0,511659807956104
"Imports";"Non-agricultural primary goods";1777;66,2877303513359;0,910834085231146;0,440207972270364
"Imports";"Non-agricultural primary goods";1778;67,3112576290628;0,889674375134957;0,514442231075697
"Imports";"Non-agricultural primary goods";1779;73,1378917032067;0,758613066966259;0,489745183343692
"Imports";"Non-agricultural primary goods";1780;69,1474604293692;0,721264683731172;0,465028355387524
"Imports";"Non-agricultural primary goods";1781;NA;NA;NA
"Imports";"Non-agricultural primary goods";1782;NA;NA;NA
"Imports";"Non-agricultural primary goods";1783;NA;NA;NA
"Imports";"Non-agricultural primary goods";1784;NA;NA;NA
"Imports";"Non-agricultural primary goods";1785;NA;NA;NA
"Imports";"Non-agricultural primary goods";1786;NA;NA;NA
"Imports";"Non-agricultural primary goods";1787;69,6640923741611;0,571883088157676;0,218282111899133
"Imports";"Non-agricultural primary goods";1788;NA;NA;NA
"Imports";"Non-agricultural primary goods";1789;83,6499991930939;0,823588779822083;0,380606312292359
"Exports";"Non-agricultural primary goods";1718;100;0,812764222734074;0,618887015177066
"Exports";"Non-agricultural primary goods";1719;115,668831734667;0,93299366812205;0,579365079365079
"Exports";"Non-agricultural primary goods";1720;87,4799160696145;0,943714138422555;0,577123050259965
"Exports";"Non-agricultural primary goods";1721;93,118365251941;0,940422123888871;0,604166666666667
"Exports";"Non-agricultural primary goods";1722;106,245870548295;0,949009781813239;0,651785714285714
"Exports";"Non-agricultural primary goods";1723;170,536118840918;0,940478921551731;0,581521739130435
"Exports";"Non-agricultural primary goods";1724;184,211728048682;0,938388172822344;0,657534246575342
"Exports";"Non-agricultural primary goods";1725;188,295188674716;0,776539559368061;0,495436766623207
"Exports";"Non-agricultural primary goods";1726;148,960710953235;0,845782068638915;0,499437570303712
"Exports";"Non-agricultural primary goods";1727;139,804114213876;0,813806229533427;0,487554904831625
"Exports";"Non-agricultural primary goods";1728;127,370346158885;0,86587316247034;0,453001132502831
"Exports";"Non-agricultural primary goods";1729;106,503999728596;0,879061771597631;0,557203389830508
"Exports";"Non-agricultural primary goods";1730;120,2215035274;0,8407668801727;0,502593659942363
"Exports";"Non-agricultural primary goods";1731;117,655227220284;0,831584857665335;0,484210526315789
"Exports";"Non-agricultural primary goods";1732;133,016117685748;0,865242562576134;0,475029492725128
"Exports";"Non-agricultural primary goods";1733;128,76125189383;0,863312252234404;0,492839090143218
"Exports";"Non-agricultural primary goods";1734;155,479772027181;0,889498434072722;0,462889066241022
"Exports";"Non-agricultural primary goods";1735;125,749575006967;0,882501499908134;0,501512096774194
"Exports";"Non-agricultural primary goods";1736;126,28044854651;0,849041930655783;0,498220640569395
"Exports";"Non-agricultural primary goods";1737;127,519140927952;0,703650015558929;0,508024349750968
"Exports";"Non-agricultural primary goods";1738;136,69062324351;0,659117507693406;0,472987872105843
"Exports";"Non-agricultural primary goods";1739;129,340753831483;0,681786845479233;0,444444444444444
"Exports";"Non-agricultural primary goods";1740;137,659944675787;0,872434310246252;0,440646821021683
"Exports";"Non-agricultural primary goods";1741;141,62365943318;0,867941216720098;0,4032874617737
"Exports";"Non-agricultural primary goods";1742;143,708128477117;0,935635029290464;0,453956834532374
"Exports";"Non-agricultural primary goods";1743;125,748846626662;0,81323127044277;0,407432432432432
"Exports";"Non-agricultural primary goods";1744;126,810538783086;0,892019878195094;0,434587080948487
"Exports";"Non-agricultural primary goods";1745;130,645856308719;0,86005459617634;0,43019801980198
"Exports";"Non-agricultural primary goods";1746;137,699740954626;0,820759709073609;0,472831953940266
"Exports";"Non-agricultural primary goods";1747;135,791582929432;0,865292377655508;0,469856087125632
"Exports";"Non-agricultural primary goods";1748;148,85096550644;0,859555423408324;0,55592841163311
"Exports";"Non-agricultural primary goods";1749;135,718807598403;0,890147292057768;0,453290246768508
"Exports";"Non-agricultural primary goods";1750;145,274299010507;0,659684860809381;0,461433818528091
"Exports";"Non-agricultural primary goods";1751;147,174276041464;0,831514925537497;0,460232350312779
"Exports";"Non-agricultural primary goods";1752;147,271594423962;0,934075770005857;0,429021179164282
"Exports";"Non-agricultural primary goods";1753;145,552529110912;0,870193255939582;0,440725806451613
"Exports";"Non-agricultural primary goods";1754;154,338689370441;0,892057054265658;0,42441637964026
"Exports";"Non-agricultural primary goods";1755;142,65306991255;0,843815886972064;0,400550795593635
"Exports";"Non-agricultural primary goods";1756;148,889393988511;0,772812949639924;0,423869801084991
"Exports";"Non-agricultural primary goods";1757;139,821690899718;0,885635158223464;0,540791100123609
"Exports";"Non-agricultural primary goods";1758;144,675824545176;0,854389799684482;0,544973544973545
"Exports";"Non-agricultural primary goods";1759;157,444397071301;0,835859253953561;0,425502101821579
"Exports";"Non-agricultural primary goods";1760;156,388917289577;0,897464423664067;0,406696610861576
"Exports";"Non-agricultural primary goods";1761;147,551851885522;0,822705900297703;0,417753623188406
"Exports";"Non-agricultural primary goods";1762;146,819016197104;0,90780421992775;0,422032583397983
"Exports";"Non-agricultural primary goods";1763;150,865156198658;0,886836905051933;0,38395673726904
"Exports";"Non-agricultural primary goods";1764;148,102701145676;0,83251431391857;0,374838152783772
"Exports";"Non-agricultural primary goods";1765;141,137822636589;0,855496710223056;0,390665967488201
"Exports";"Non-agricultural primary goods";1766;146,818366474665;0,63626565695406;0,377135348226018
"Exports";"Non-agricultural primary goods";1767;147,844157814296;0,94233135398063;0,380206097037355
"Exports";"Non-agricultural primary goods";1768;135,056210838683;0,840634816422336;0,391772501380453
"Exports";"Non-agricultural primary goods";1769;140,35847242355;0,847352433960442;0,393742478941035
"Exports";"Non-agricultural primary goods";1770;151,190766255517;0,880080751986668;0,359612277867528
"Exports";"Non-agricultural primary goods";1771;147,798067151092;0,8417124408949;0,423062662217278
"Exports";"Non-agricultural primary goods";1772;138,407143532486;0,849186865775423;0,372380440623321
"Exports";"Non-agricultural primary goods";1773;133,94418111826;0,849487833207927;0,340765391014975
"Exports";"Non-agricultural primary goods";1774;132,387996953745;0,846132246170459;0,360896637608966
"Exports";"Non-agricultural primary goods";1775;142,993022057432;0,84997759485302;0,332512315270936
"Exports";"Non-agricultural primary goods";1776;141,934321710943;0,835189116308418;0,354251497005988
"Exports";"Non-agricultural primary goods";1777;146,656202736244;0,905603516912046;0,276676109537299
"Exports";"Non-agricultural primary goods";1778;161,901507147522;0,836000033430796;0,305569620253165
"Exports";"Non-agricultural primary goods";1779;165,364926241119;0,754735937852253;0,406763738844528
"Exports";"Non-agricultural primary goods";1780;153,10886927211;0,762751323631545;0,383105294467579
"Exports";"Non-agricultural primary goods";1781;NA;NA;NA
"Exports";"Non-agricultural primary goods";1782;NA;NA;NA
"Exports";"Non-agricultural primary goods";1783;NA;NA;NA
"Exports";"Non-agricultural primary goods";1784;NA;NA;NA
"Exports";"Non-agricultural primary goods";1785;NA;NA;NA
"Exports";"Non-agricultural primary goods";1786;NA;NA;NA
"Exports";"Non-agricultural primary goods";1787;NA;NA;NA
"Exports";"Non-agricultural primary goods";1788;NA;NA;NA
"Exports";"Non-agricultural primary goods";1789;185,500134854912;0,732273220920275;0,27337431252022
"Imports";"Agriculture";1718;100;0,963163781470753;0,715189873417722
"Imports";"Agriculture";1719;69,7275277915325;0,926640632118349;0,680073126142596
"Imports";"Agriculture";1720;60,073854060472;0,93865627187701;0,655893536121673
"Imports";"Agriculture";1721;59,3194740434656;0,928590264351887;0,678104575163399
"Imports";"Agriculture";1722;61,3537409120759;0,943787295166366;0,655038759689923
"Imports";"Agriculture";1723;78,9132096718321;0,93670627216812;0,595774647887324
"Imports";"Agriculture";1724;97,5576358311963;0,899401100507884;0,627118644067797
"Imports";"Agriculture";1725;63,7713906886748;0,814086394984907;0,575604838709677
"Imports";"Agriculture";1726;51,6082389685208;0,758444538455179;0,603752759381898
"Imports";"Agriculture";1727;44,1985282599758;0,69724566938955;0,60119940029985
"Imports";"Agriculture";1728;37,8578447262472;0,771111218912882;0,617529880478088
"Imports";"Agriculture";1729;37,8498791516619;0,77797258538204;0,663636363636364
"Imports";"Agriculture";1730;37,8863128001948;0,837725316117839;0,61320293398533
"Imports";"Agriculture";1731;35,0843041859332;0,830960675222069;0,626568265682657
"Imports";"Agriculture";1732;42,7392354903354;0,752679200642565;0,62389995368226
"Imports";"Agriculture";1733;48,9232870521932;0,854163186802269;0,657635467980296
"Imports";"Agriculture";1734;44,2234473052729;0,922720818170056;0,650135256988278
"Imports";"Agriculture";1735;45,405925008689;0,865827075346852;0,675465838509317
"Imports";"Agriculture";1736;44,4339875109351;0,838740861366564;0,663764233087743
"Imports";"Agriculture";1737;42,8649690787135;0,768887026737891;0,655555555555556
"Imports";"Agriculture";1738;42,8653309983716;0,795239269720324;0,607269853812722
"Imports";"Agriculture";1739;43,5336295310488;0,569662595731839;0,574582924435721
"Imports";"Agriculture";1740;47,1304675604439;0,777241856764154;0,564451158106747
"Imports";"Agriculture";1741;48,9548058112346;0,658885788215959;0,554517133956386
"Imports";"Agriculture";1742;48,7324392626949;0,651350282198271;0,541250656857593
"Imports";"Agriculture";1743;49,1699363460476;0,760034209850497;0,551406649616368
"Imports";"Agriculture";1744;54,1857242353555;0,761046147263484;0,586854460093897
"Imports";"Agriculture";1745;55,5799642059854;0,725639538501572;0,568
"Imports";"Agriculture";1746;61,1688543267019;0,806162585049876;0,57351290684624
"Imports";"Agriculture";1747;61,4450896021487;0,838087220523113;0,57840616966581
"Imports";"Agriculture";1748;55,3699880199711;0,829553293348872;0,542479546884833
"Imports";"Agriculture";1749;49,1889642953674;0,817746671889847;0,603036876355748
"Imports";"Agriculture";1750;54,2079188727872;0,807953583688101;0,577155088538626
"Imports";"Agriculture";1751;51,994514332209;0,848170867788195;0,572987012987013
"Imports";"Agriculture";1752;49,00803762561;0,739761094230457;0,552644116245831
"Imports";"Agriculture";1753;51,9023869301968;0,797841310176347;0,556517036235803
"Imports";"Agriculture";1754;54,3916466261087;0,832877403616662;0,534839019702066
"Imports";"Agriculture";1755;53,6950052562285;0,829564793700516;0,523648648648649
"Imports";"Agriculture";1756;55,0814710981114;0,818708880417826;0,540239726027397
"Imports";"Agriculture";1757;56,7192253682707;0,763677716748139;0,531943212067436
"Imports";"Agriculture";1758;63,3158799403753;0,794426202774099;0,51478179258564
"Imports";"Agriculture";1759;63,746444374541;0,835998610064557;0,512936344969199
"Imports";"Agriculture";1760;61,2508132950506;0,899718640163691;0,61003861003861
"Imports";"Agriculture";1761;67,2523234872214;0,768860695370473;0,505478451424397
"Imports";"Agriculture";1762;65,0741686172557;0,908676600564557;0,511226944667201
"Imports";"Agriculture";1763;59,8383538447007;0,856419900873159;0,480479452054795
"Imports";"Agriculture";1764;58,7516687119042;0,892947019029187;0,497191011235955
"Imports";"Agriculture";1765;58,3508958152369;0,914754587419333;0,534996276991809
"Imports";"Agriculture";1766;56,780021310135;0,932870745841115;0,501629844259326
"Imports";"Agriculture";1767;58,4780127178682;0,909016125669162;0,514312096029548
"Imports";"Agriculture";1768;60,1508589600116;0,890052932354526;0,485469271081467
"Imports";"Agriculture";1769;58,3807649851421;0,930823680671694;0,524370297677462
"Imports";"Agriculture";1770;59,2450627769983;0,937297454931477;0,499766245909303
"Imports";"Agriculture";1771;61,9256665090216;0,897241958682056;0,505092869982025
"Imports";"Agriculture";1772;61,0503662764416;0,904044607185051;0,491003598560576
"Imports";"Agriculture";1773;64,0208571160865;0,881766549860242;0,466328413284133
"Imports";"Agriculture";1774;59,4063198076536;0,920929631831446;0,492729117348664
"Imports";"Agriculture";1775;58,7684502450715;0,885987797932532;0,5
"Imports";"Agriculture";1776;62,8982499245239;0,896195108430983;0,511659807956104
"Imports";"Agriculture";1777;66,2877303513359;0,910834085231146;0,440207972270364
"Imports";"Agriculture";1778;67,3112576290628;0,889674375134957;0,514442231075697
"Imports";"Agriculture";1779;73,1378917032067;0,758613066966259;0,489745183343692
"Imports";"Agriculture";1780;69,1474604293692;0,721264683731172;0,465028355387524
"Imports";"Agriculture";1781;NA;NA;NA
"Imports";"Agriculture";1782;NA;NA;NA
"Imports";"Agriculture";1783;NA;NA;NA
"Imports";"Agriculture";1784;NA;NA;NA
"Imports";"Agriculture";1785;NA;NA;NA
"Imports";"Agriculture";1786;NA;NA;NA
"Imports";"Agriculture";1787;69,6640923741611;0,571883088157676;0,218282111899133
"Imports";"Agriculture";1788;NA;NA;NA
"Imports";"Agriculture";1789;83,6499991930939;0,823588779822083;0,380606312292359
"Exports";"Agriculture";1718;100;0,812764222734074;0,618887015177066
"Exports";"Agriculture";1719;115,668831734667;0,93299366812205;0,579365079365079
"Exports";"Agriculture";1720;87,4799160696145;0,943714138422555;0,577123050259965
"Exports";"Agriculture";1721;93,118365251941;0,940422123888871;0,604166666666667
"Exports";"Agriculture";1722;106,245870548295;0,949009781813239;0,651785714285714
"Exports";"Agriculture";1723;170,536118840918;0,940478921551731;0,581521739130435
"Exports";"Agriculture";1724;184,211728048682;0,938388172822344;0,657534246575342
"Exports";"Agriculture";1725;188,295188674716;0,776539559368061;0,495436766623207
"Exports";"Agriculture";1726;148,960710953235;0,845782068638915;0,499437570303712
"Exports";"Agriculture";1727;139,804114213876;0,813806229533427;0,487554904831625
"Exports";"Agriculture";1728;127,370346158885;0,86587316247034;0,453001132502831
"Exports";"Agriculture";1729;106,503999728596;0,879061771597631;0,557203389830508
"Exports";"Agriculture";1730;120,2215035274;0,8407668801727;0,502593659942363
"Exports";"Agriculture";1731;117,655227220284;0,831584857665335;0,484210526315789
"Exports";"Agriculture";1732;133,016117685748;0,865242562576134;0,475029492725128
"Exports";"Agriculture";1733;128,76125189383;0,863312252234404;0,492839090143218
"Exports";"Agriculture";1734;155,479772027181;0,889498434072722;0,462889066241022
"Exports";"Agriculture";1735;125,749575006967;0,882501499908134;0,501512096774194
"Exports";"Agriculture";1736;126,28044854651;0,849041930655783;0,498220640569395
"Exports";"Agriculture";1737;127,519140927952;0,703650015558929;0,508024349750968
"Exports";"Agriculture";1738;136,69062324351;0,659117507693406;0,472987872105843
"Exports";"Agriculture";1739;129,340753831483;0,681786845479233;0,444444444444444
"Exports";"Agriculture";1740;137,659944675787;0,872434310246252;0,440646821021683
"Exports";"Agriculture";1741;141,62365943318;0,867941216720098;0,4032874617737
"Exports";"Agriculture";1742;143,708128477117;0,935635029290464;0,453956834532374
"Exports";"Agriculture";1743;125,748846626662;0,81323127044277;0,407432432432432
"Exports";"Agriculture";1744;126,810538783086;0,892019878195094;0,434587080948487
"Exports";"Agriculture";1745;130,645856308719;0,86005459617634;0,43019801980198
"Exports";"Agriculture";1746;137,699740954626;0,820759709073609;0,472831953940266
"Exports";"Agriculture";1747;135,791582929432;0,865292377655508;0,469856087125632
"Exports";"Agriculture";1748;148,85096550644;0,859555423408324;0,55592841163311
"Exports";"Agriculture";1749;135,718807598403;0,890147292057768;0,453290246768508
"Exports";"Agriculture";1750;145,274299010507;0,659684860809381;0,461433818528091
"Exports";"Agriculture";1751;147,174276041464;0,831514925537497;0,460232350312779
"Exports";"Agriculture";1752;147,271594423962;0,934075770005857;0,429021179164282
"Exports";"Agriculture";1753;145,552529110912;0,870193255939582;0,440725806451613
"Exports";"Agriculture";1754;154,338689370441;0,892057054265658;0,42441637964026
"Exports";"Agriculture";1755;142,65306991255;0,843815886972064;0,400550795593635
"Exports";"Agriculture";1756;148,889393988511;0,772812949639924;0,423869801084991
"Exports";"Agriculture";1757;139,821690899718;0,885635158223464;0,540791100123609
"Exports";"Agriculture";1758;144,675824545176;0,854389799684482;0,544973544973545
"Exports";"Agriculture";1759;157,444397071301;0,835859253953561;0,425502101821579
"Exports";"Agriculture";1760;156,388917289577;0,897464423664067;0,406696610861576
"Exports";"Agriculture";1761;147,551851885522;0,822705900297703;0,417753623188406
"Exports";"Agriculture";1762;146,819016197104;0,90780421992775;0,422032583397983
"Exports";"Agriculture";1763;150,865156198658;0,886836905051933;0,38395673726904
"Exports";"Agriculture";1764;148,102701145676;0,83251431391857;0,374838152783772
"Exports";"Agriculture";1765;141,137822636589;0,855496710223056;0,390665967488201
"Exports";"Agriculture";1766;146,818366474665;0,63626565695406;0,377135348226018
"Exports";"Agriculture";1767;147,844157814296;0,94233135398063;0,380206097037355
"Exports";"Agriculture";1768;135,056210838683;0,840634816422336;0,391772501380453
"Exports";"Agriculture";1769;140,35847242355;0,847352433960442;0,393742478941035
"Exports";"Agriculture";1770;151,190766255517;0,880080751986668;0,359612277867528
"Exports";"Agriculture";1771;147,798067151092;0,8417124408949;0,423062662217278
"Exports";"Agriculture";1772;138,407143532486;0,849186865775423;0,372380440623321
"Exports";"Agriculture";1773;133,94418111826;0,849487833207927;0,340765391014975
"Exports";"Agriculture";1774;132,387996953745;0,846132246170459;0,360896637608966
"Exports";"Agriculture";1775;142,993022057432;0,84997759485302;0,332512315270936
"Exports";"Agriculture";1776;141,934321710943;0,835189116308418;0,354251497005988
"Exports";"Agriculture";1777;146,656202736244;0,905603516912046;0,276676109537299
"Exports";"Agriculture";1778;161,901507147522;0,836000033430796;0,305569620253165
"Exports";"Agriculture";1779;165,364926241119;0,754735937852253;0,406763738844528
"Exports";"Agriculture";1780;153,10886927211;0,762751323631545;0,383105294467579
"Exports";"Agriculture";1781;NA;NA;NA
"Exports";"Agriculture";1782;NA;NA;NA
"Exports";"Agriculture";1783;NA;NA;NA
"Exports";"Agriculture";1784;NA;NA;NA
"Exports";"Agriculture";1785;NA;NA;NA
"Exports";"Agriculture";1786;NA;NA;NA
"Exports";"Agriculture";1787;NA;NA;NA
"Exports";"Agriculture";1788;NA;NA;NA
"Exports";"Agriculture";1789;185,500134854912;0,732273220920275;0,27337431252022
"Imports";"Primary goods";1718;100;0,857856976183587;0,360759493670886
"Imports";"Primary goods";1719;61,5121515118234;0,788347597963008;0,272394881170018
"Imports";"Primary goods";1720;53,377618151376;0,837440640105375;0,273764258555133
"Imports";"Primary goods";1721;51,6210603771614;0,731509351845061;0,271241830065359
"Imports";"Primary goods";1722;51,7653003915232;0,835693150040359;0,302325581395349
"Imports";"Primary goods";1723;65,1780543384781;0,738134517049296;0,259154929577465
"Imports";"Primary goods";1724;82,9383324394471;0,696563995982975;0,24380704041721
"Imports";"Primary goods";1725;52,3535780890566;0,639570982988378;0,261088709677419
"Imports";"Primary goods";1726;41,0478394683261;0,613852365156345;0,26158940397351
"Imports";"Primary goods";1727;33,9342734111982;0,414845258349151;0,290854572713643
"Imports";"Primary goods";1728;29,4643080206942;0,605051471572859;0,278884462151394
"Imports";"Primary goods";1729;29,7380026651971;0,608280123772422;0,316883116883117
"Imports";"Primary goods";1730;30,1045358866533;0,653730309564736;0,295354523227384
"Imports";"Primary goods";1731;27,4111476935464;0,680073388080873;0,276014760147601
"Imports";"Primary goods";1732;34,5783752795808;0,600516241449737;0,295970356646596
"Imports";"Primary goods";1733;40,0847990287326;0,670639685255285;0,318555008210181
"Imports";"Primary goods";1734;36,1157650771077;0,781581383736319;0,293958521190262
"Imports";"Primary goods";1735;37,2374132165961;0,725804997990909;0,327639751552795
"Imports";"Primary goods";1736;36,1874601585788;0,719699347610045;0,308104487608841
"Imports";"Primary goods";1737;35,0703641229129;0,670393671707804;0,292592592592593
"Imports";"Primary goods";1738;34,9294313727488;0,658151672603152;0,284472540497827
"Imports";"Primary goods";1739;35,8995897051384;0,454067165983158;0,262512266928361
"Imports";"Primary goods";1740;39,0014773723911;0,636897749981323;0,251762336354481
"Imports";"Primary goods";1741;40,1950283715056;0,541951184958242;0,24076546506453
"Imports";"Primary goods";1742;40,1164612030496;0,547080779186168;0,244876510772465
"Imports";"Primary goods";1743;40,5919057789733;0,627825481656444;0,246547314578005
"Imports";"Primary goods";1744;45,2766472899328;0,616864101469978;0,269692227438706
"Imports";"Primary goods";1745;46,4994593413289;0,575330301395743;0,267333333333333
"Imports";"Primary goods";1746;51,6366938866873;0,645094237586824;0,2665544332211
"Imports";"Primary goods";1747;51,9687866615874;0,659652696756837;0,274421593830334
"Imports";"Primary goods";1748;45,8458742554746;0,612704199265467;0,254247954688483
"Imports";"Primary goods";1749;40,9584757401394;0,67579459677726;0,241323210412147
"Imports";"Primary goods";1750;44,0301920632826;0,619213596014085;0,266394240124538
"Imports";"Primary goods";1751;43,1647315564891;0,65250387889263;0,271168831168831
"Imports";"Primary goods";1752;40,2165815958123;0,577291419167043;0,249642686993807
"Imports";"Primary goods";1753;43,0917499924297;0,650640146302444;0,269875608436993
"Imports";"Primary goods";1754;45,3791987725317;0,664021987319445;0,261893320518981
"Imports";"Primary goods";1755;43,7425217718233;0,662273489419606;0,245777027027027
"Imports";"Primary goods";1756;45,107500411203;0,580580947656488;0,270547945205479
"Imports";"Primary goods";1757;48,2704392823781;0,488581159164548;0,250221827861579
"Imports";"Primary goods";1758;54,2062964814666;0,514116582283792;0,255279211637729
"Imports";"Primary goods";1759;53,9833205083816;0,634664590909442;0,254620123203285
"Imports";"Primary goods";1760;53,707103671785;0,748935519265455;0,366795366795367
"Imports";"Primary goods";1761;55,1071235454099;0,541257354897218;0,260774287801315
"Imports";"Primary goods";1762;54,9540141191231;0,634595449385892;0,242582197273456
"Imports";"Primary goods";1763;49,6150976806373;0,659357810017794;0,229109589041096
"Imports";"Primary goods";1764;47,8162981123207;0,676848897595745;0,229283707865169
"Imports";"Primary goods";1765;46,1972424665362;0,704133000592196;0,253164556962025
"Imports";"Primary goods";1766;45,8150040914501;0,741003473703526;0,248098515030786
"Imports";"Primary goods";1767;47,8828569885508;0,744636502899809;0,261311172668513
"Imports";"Primary goods";1768;48,3770748261729;0,699485789439053;0,250595521676989
"Imports";"Primary goods";1769;47,7667667062853;0,786051533767808;0,271508014393196
"Imports";"Primary goods";1770;48,275433163924;0,81715132807572;0,262272089761571
"Imports";"Primary goods";1771;50,8670978026265;0,782493254130167;0,262133013780707
"Imports";"Primary goods";1772;50,0916615853892;0,74755277649068;0,242702918832467
"Imports";"Primary goods";1773;51,9607628911945;0,691267525643491;0,235239852398524
"Imports";"Primary goods";1774;48,1547090089855;0,779423695452383;0,256002705444707
"Imports";"Primary goods";1775;48,1608256061265;0,696087436262704;0,270813844714687
"Imports";"Primary goods";1776;51,2768904163567;0,71873690616264;0,262345679012346
"Imports";"Primary goods";1777;53,8693738839393;0,792256044268609;0,248700173310225
"Imports";"Primary goods";1778;57,3165128376961;0,838328473697402;0,280876494023904
"Imports";"Primary goods";1779;59,8020347845404;0,61561694657104;0,26413921690491
"Imports";"Primary goods";1780;57,3574081935201;0,617491559721735;0,262759924385633
"Imports";"Primary goods";1781;NA;NA;NA
"Imports";"Primary goods";1782;NA;NA;NA
"Imports";"Primary goods";1783;NA;NA;NA
"Imports";"Primary goods";1784;NA;NA;NA
"Imports";"Primary goods";1785;NA;NA;NA
"Imports";"Primary goods";1786;NA;NA;NA
"Imports";"Primary goods";1787;61,331639888164;0,413275314892994;0,114263199369582
"Imports";"Primary goods";1788;NA;NA;NA
"Imports";"Primary goods";1789;70,9360540991733;0,679377231711752;0,20452657807309
"Exports";"Primary goods";1718;100;0,721923799791112;0,214165261382799
"Exports";"Primary goods";1719;115,100163102335;0,726972756227391;0,186507936507937
"Exports";"Primary goods";1720;85,4449084373856;0,786540917494387;0,20103986135182
"Exports";"Primary goods";1721;91,4040133695871;0,838375337665573;0,231481481481481
"Exports";"Primary goods";1722;113,431368616204;0,779824221784877;0,232142857142857
"Exports";"Primary goods";1723;173,101900804906;0,828495246659853;0,193840579710145
"Exports";"Primary goods";1724;182,157179496871;0,849188989910419;0,232876712328767
"Exports";"Primary goods";1725;189,857247536119;0,714655717068561;0,222946544980443
"Exports";"Primary goods";1726;144,36499903681;0,638803452314756;0,210348706411699
"Exports";"Primary goods";1727;136,54542746326;0,385462386340882;0,184480234260615
"Exports";"Primary goods";1728;122,967603431705;0,462794819931155;0,174971687429219
"Exports";"Primary goods";1729;100,682704173474;0,629374549908199;0,201271186440678
"Exports";"Primary goods";1730;114,697759996089;0,493191766954657;0,155043227665706
"Exports";"Primary goods";1731;110,482716896218;0,397393157682486;0,17953216374269
"Exports";"Primary goods";1732;128,945011172337;0,384042908194735;0,149036570979158
"Exports";"Primary goods";1733;125,002341592309;0,338656078937599;0,192923336141533
"Exports";"Primary goods";1734;155,32133545829;0,681732798404875;0,162809257781325
"Exports";"Primary goods";1735;121,409723400018;0,429791899960442;0,195060483870968
"Exports";"Primary goods";1736;123,423709698388;0,417850431099204;0,183274021352313
"Exports";"Primary goods";1737;125,56772663927;0,457453905173328;0,177642501383509
"Exports";"Primary goods";1738;135,653751109198;0,390793773253542;0,141124586549063
"Exports";"Primary goods";1739;127,699131022149;0,434805176325399;0,165749908324166
"Exports";"Primary goods";1740;138,649049811732;0,46595217257087;0,167217934582874
"Exports";"Primary goods";1741;143,941740556101;0,371652846356498;0,148318042813456
"Exports";"Primary goods";1742;142,988666784362;0,754810871875633;0,134532374100719
"Exports";"Primary goods";1743;119,460069846548;0,454421733149577;0,156081081081081
"Exports";"Primary goods";1744;119,480666969162;0,602277011772689;0,182747342600164
"Exports";"Primary goods";1745;123,868321747006;0,442883631940071;0,193069306930693
"Exports";"Primary goods";1746;132,333414247129;0,453140401487882;0,193594818279957
"Exports";"Primary goods";1747;129,362199197436;0,383148353022948;0,17464021781408
"Exports";"Primary goods";1748;141,999848881089;0,554878539147198;0,191275167785235
"Exports";"Primary goods";1749;126,326600935853;0,504076803772404;0,161280846063455
"Exports";"Primary goods";1750;136,942427396069;0,320352735657892;0,17140525098626
"Exports";"Primary goods";1751;143,738333084018;0,505838046962968;0,173369079535299
"Exports";"Primary goods";1752;139,888860562666;0,459588818972739;0,165998855180309
"Exports";"Primary goods";1753;138,035011288235;0,693242582282245;0,145967741935484
"Exports";"Primary goods";1754;149,325862947869;0,696197962350547;0,138920780711825
"Exports";"Primary goods";1755;134,523012962852;0,488245800912158;0,148102815177479
"Exports";"Primary goods";1756;142,977935884598;0,394871560749889;0,177938517179024
"Exports";"Primary goods";1757;133,955905241672;0,596055500496869;0,204573547589617
"Exports";"Primary goods";1758;142,533477260374;0,574267794603872;0,198790627362056
"Exports";"Primary goods";1759;160,340951964271;0,316440701419575;0,173750583839327
"Exports";"Primary goods";1760;160,505853134889;0,435843551728771;0,171906900775827
"Exports";"Primary goods";1761;148,537341947777;0,41046929008177;0,155434782608696
"Exports";"Primary goods";1762;148,675741191941;0,410278416749268;0,171838634600465
"Exports";"Primary goods";1763;152,008772347652;0,331602785149812;0,137674628210906
"Exports";"Primary goods";1764;145,595794906075;0,571999633471748;0,131635735865343
"Exports";"Primary goods";1765;137,987331801695;0,624336425558677;0,151546932354483
"Exports";"Primary goods";1766;139,326573143689;0,390775718058684;0,150328515111695
"Exports";"Primary goods";1767;143,560410019794;0,595455189226428;0,150064405324173
"Exports";"Primary goods";1768;130,089496275226;0,556828568926001;0,152401987852015
"Exports";"Primary goods";1769;133,961965600841;0,57061508777042;0,150661853188929
"Exports";"Primary goods";1770;145,638962335554;0,66306957372545;0,144749596122779
"Exports";"Primary goods";1771;139,739983101862;0,471377682511536;0,144605116796441
"Exports";"Primary goods";1772;127,447448297207;0,602083824176333;0,14830736163353
"Exports";"Primary goods";1773;122,594782744949;0,602635579577663;0,143094841930116
"Exports";"Primary goods";1774;122,217801419749;0,566374151157551;0,13972602739726
"Exports";"Primary goods";1775;133,246074485942;0,608834814428546;0,141625615763547
"Exports";"Primary goods";1776;131,909446250425;0,563819592617537;0,135568862275449
"Exports";"Primary goods";1777;139,872955252644;0,761880618382578;0,140698772426818
"Exports";"Primary goods";1778;157,529504408503;0,596108526351191;0,117974683544304
"Exports";"Primary goods";1779;162,149853846395;0,374141641172716;0,182245185533114
"Exports";"Primary goods";1780;146,898661084625;0,373383222837157;0,167757287328971
"Exports";"Primary goods";1781;NA;NA;NA
"Exports";"Primary goods";1782;NA;NA;NA
"Exports";"Primary goods";1783;NA;NA;NA
"Exports";"Primary goods";1784;NA;NA;NA
"Exports";"Primary goods";1785;NA;NA;NA
"Exports";"Primary goods";1786;NA;NA;NA
"Exports";"Primary goods";1787;NA;NA;NA
"Exports";"Primary goods";1788;NA;NA;NA
"Exports";"Primary goods";1789;182,491994552206;0,477751200170878;0,0909090909090909
"Imports";"Primary coloniaux";1718;100;0,72337596063932;0,10126582278481
"Imports";"Primary coloniaux";1719;55,345685081944;0,57419415015216;0,0749542961608775
"Imports";"Primary coloniaux";1720;47,5933239479429;0,688858771508213;0,091254752851711
"Imports";"Primary coloniaux";1721;45,3044201400381;0,578986014578231;0,0751633986928105
"Imports";"Primary coloniaux";1722;47,3271170589506;0,752986944843167;0,0891472868217054
"Imports";"Primary coloniaux";1723;62,6035097082435;0,560206008720759;0,0647887323943662
"Imports";"Primary coloniaux";1724;71,597628933416;0,427576204868467;0,0573663624511082
"Imports";"Primary coloniaux";1725;44,0417475280907;0,350835711839943;0,0524193548387097
"Imports";"Primary coloniaux";1726;33,6403385038878;0,412670767665803;0,0507726269315673
"Imports";"Primary coloniaux";1727;25,0683618404447;0,306425877643162;0,0629685157421289
"Imports";"Primary coloniaux";1728;22,1515893034824;0,360981593230732;0,0627490039840637
"Imports";"Primary coloniaux";1729;22,1132885065082;0,481955179701544;0,0688311688311688
"Imports";"Primary coloniaux";1730;23,2795489310212;0,394565524694369;0,0562347188264059
"Imports";"Primary coloniaux";1731;21,1365000861151;0,427067441377878;0,0678966789667897
"Imports";"Primary coloniaux";1732;29,4629975608166;0,386813597995086;0,0541917554423344
"Imports";"Primary coloniaux";1733;37,1370763737513;0,326113048467791;0,0665024630541872
"Imports";"Primary coloniaux";1734;31,8897478111702;0,579359195447689;0,0766456266907124
"Imports";"Primary coloniaux";1735;32,7590262205535;0,52826205700184;0,0815217391304348
"Imports";"Primary coloniaux";1736;30,8495131478126;0,529942089060781;0,0756865371734762
"Imports";"Primary coloniaux";1737;29,346120274511;0,512957150589481;0,062962962962963
"Imports";"Primary coloniaux";1738;29,7862471384744;0,417472282929818;0,0545239035954168
"Imports";"Primary coloniaux";1739;31,2069523500075;0,290383293879584;0,0480863591756624
"Imports";"Primary coloniaux";1740;34,0396420057686;0,453448366294436;0,0528700906344411
"Imports";"Primary coloniaux";1741;36,4358390391385;0,327439242947994;0,0493991989319092
"Imports";"Primary coloniaux";1742;36,2586120771557;0,324180464411398;0,0451918024172359
"Imports";"Primary coloniaux";1743;37,1713804851867;0,373997907151172;0,0470588235294118
"Imports";"Primary coloniaux";1744;44,0247068531678;0,404579312402181;0,0511215440792906
"Imports";"Primary coloniaux";1745;45,7673137904534;0,3783148525053;0,0506666666666667
"Imports";"Primary coloniaux";1746;49,5212044121148;0,386831812251378;0,0505050505050505
"Imports";"Primary coloniaux";1747;48,8182739810665;0,409309078007897;0,0456298200514139
"Imports";"Primary coloniaux";1748;43,325751279919;0,262889668405601;0,0371302706104468
"Imports";"Primary coloniaux";1749;37,0005192123832;0,455603611001626;0,052060737527115
"Imports";"Primary coloniaux";1750;38,5176442143559;0,350671004852979;0,0398910293831485
"Imports";"Primary coloniaux";1751;37,2228253680135;0,253577918991192;0,0477922077922078
"Imports";"Primary coloniaux";1752;33,7212166448412;0,235780161536757;0,0424011434016198
"Imports";"Primary coloniaux";1753;38,6282485478619;0,377464495690323;0,0524607896160087
"Imports";"Primary coloniaux";1754;41,3771943731428;0,37321680053863;0,0456511292647765
"Imports";"Primary coloniaux";1755;38,3879518732891;0,404044821842065;0,0472972972972973
"Imports";"Primary coloniaux";1756;39,941061662863;0,330186097854236;0,050513698630137
"Imports";"Primary coloniaux";1757;44,0898224305436;0,217542841094604;0,0448092280390417
"Imports";"Primary coloniaux";1758;48,647851926083;0,235675928368531;0,0455185358986391
"Imports";"Primary coloniaux";1759;48,5034087176739;0,257821207842864;0,0472279260780287
"Imports";"Primary coloniaux";1760;49,8732282660243;0,452916663491677;0,0897683397683398
"Imports";"Primary coloniaux";1761;51,8752195065931;0,210938554184059;0,0485756026296567
"Imports";"Primary coloniaux";1762;51,0872400006835;0,311917502795724;0,0461106655974338
"Imports";"Primary coloniaux";1763;44,3152337867378;0,425242885918641;0,0476027397260274
"Imports";"Primary coloniaux";1764;41,6321682437739;0,429685642538087;0,0463483146067416
"Imports";"Primary coloniaux";1765;38,5561375494462;0,3996764519228;0,0517498138495905
"Imports";"Primary coloniaux";1766;37,5950939474265;0,460292226771341;0,0521550162984426
"Imports";"Primary coloniaux";1767;39,6567237416045;0,438905196441778;0,0504770698676516
"Imports";"Primary coloniaux";1768;40,0409098551316;0,397319663757163;0,0490709861838971
"Imports";"Primary coloniaux";1769;39,3261049365455;0,480861190496498;0,0503761858030749
"Imports";"Primary coloniaux";1770;39,8022505174301;0,539047526691704;0,0546984572230014
"Imports";"Primary coloniaux";1771;42,8681542737837;0,458340659075811;0,048532055122828
"Imports";"Primary coloniaux";1772;41,9333653478034;0,547321179917111;0,0499800079968013
"Imports";"Primary coloniaux";1773;44,5441846831327;0,419303086785921;0,0502767527675277
"Imports";"Primary coloniaux";1774;39,4119229216568;0,495458759898018;0,0466689212039229
"Imports";"Primary coloniaux";1775;39,6658564668069;0,451502254894736;0,0523854069223573
"Imports";"Primary coloniaux";1776;43,2668567951901;0,473286977781482;0,0500685871056241
"Imports";"Primary coloniaux";1777;45,2251779113496;0,611700199463112;0,0476603119584055
"Imports";"Primary coloniaux";1778;50,6562198327146;0,687217698401155;0,0552788844621514
"Imports";"Primary coloniaux";1779;54,3039687489739;0,277429073746947;0,0515848353014295
"Imports";"Primary coloniaux";1780;51,6443810516759;0,41346498501912;0,0472589792060491
"Imports";"Primary coloniaux";1781;NA;NA;NA
"Imports";"Primary coloniaux";1782;NA;NA;NA
"Imports";"Primary coloniaux";1783;NA;NA;NA
"Imports";"Primary coloniaux";1784;NA;NA;NA
"Imports";"Primary coloniaux";1785;NA;NA;NA
"Imports";"Primary coloniaux";1786;NA;NA;NA
"Imports";"Primary coloniaux";1787;64,3392186320371;0,0392457731762094;0,00945626477541371
"Imports";"Primary coloniaux";1788;NA;NA;NA
"Imports";"Primary coloniaux";1789;62,5397882150531;0,417532101392254;0,0286544850498339
"Exports";"Primary coloniaux";1718;100;0,113794827534714;0,0387858347386172
"Exports";"Primary coloniaux";1719;137,427474454298;0,30648515185976;0,0476190476190476
"Exports";"Primary coloniaux";1720;110,084798229895;0,167056671030745;0,0398613518197574
"Exports";"Primary coloniaux";1721;85,0750344544651;0,183069716842128;0,0555555555555556
"Exports";"Primary coloniaux";1722;86,0088155327052;0,407091150694816;0,0580357142857143
"Exports";"Primary coloniaux";1723;125,229210915233;0,107391166888229;0,036231884057971
"Exports";"Primary coloniaux";1724;134,615406617491;0,117359440053903;0,0525114155251142
"Exports";"Primary coloniaux";1725;121,170424563805;0,0943954727135665;0,0430247718383312
"Exports";"Primary coloniaux";1726;108,673453968076;0,118563334837182;0,0337457817772778
"Exports";"Primary coloniaux";1727;103,526359615856;0,0988900298105122;0,0248901903367496
"Exports";"Primary coloniaux";1728;93,9447607800122;0,143958208257552;0,0322763306908267
"Exports";"Primary coloniaux";1729;80,4676109610969;0,142088447741495;0,0307203389830508
"Exports";"Primary coloniaux";1730;81,8343919980025;0,11784960815193;0,0201729106628242
"Exports";"Primary coloniaux";1731;86,3801473330058;0,200418623028145;0,0368421052631579
"Exports";"Primary coloniaux";1732;106,898838825884;0,181258666375076;0,0216279984270547
"Exports";"Primary coloniaux";1733;103,273502621595;0,0855977666389285;0,0311710193765796
"Exports";"Primary coloniaux";1734;100,804365456353;0,244674535860633;0,043096568236233
"Exports";"Primary coloniaux";1735;101,425240163958;0,189380690564111;0,0327620967741935
"Exports";"Primary coloniaux";1736;96,9945772114078;0,170882128593205;0,033214709371293
"Exports";"Primary coloniaux";1737;95,8857085992751;0,197290429745907;0,0298837852794687
"Exports";"Primary coloniaux";1738;108,593413511294;0,182554267280619;0,0169055494303565
"Exports";"Primary coloniaux";1739;96,9181901589515;0,265936108696596;0,0293362669600293
"Exports";"Primary coloniaux";1740;107,126187802275;0,293924517688001;0,0323410510841602
"Exports";"Primary coloniaux";1741;103,616288138342;0,247375205461226;0,0259938837920489
"Exports";"Primary coloniaux";1742;88,6299222998896;0,412376658616514;0,0388489208633093
"Exports";"Primary coloniaux";1743;81,9482557792071;0,241425419480929;0,025
"Exports";"Primary coloniaux";1744;95,9395369963451;0,339630063725525;0,0294358135731807
"Exports";"Primary coloniaux";1745;100,394464005604;0,206570688892031;0,0257425742574257
"Exports";"Primary coloniaux";1746;105,131000195965;0,217233118378577;0,0316660669305506
"Exports";"Primary coloniaux";1747;106,224539664353;0,245071484520585;0,0307273434461299
"Exports";"Primary coloniaux";1748;118,276119597442;0,318054818577209;0,0425055928411633
"Exports";"Primary coloniaux";1749;91,2460642496044;0,328522561676481;0,0299647473560517
"Exports";"Primary coloniaux";1750;92,7119823667788;0,189718586672717;0,0262549313018637
"Exports";"Primary coloniaux";1751;90,7705146928821;0,309357588017875;0,0318736967530533
"Exports";"Primary coloniaux";1752;90,7857308610547;0,257832053565362;0,0269032627361191
"Exports";"Primary coloniaux";1753;96,2528870915305;0,323406867697842;0,0314516129032258
"Exports";"Primary coloniaux";1754;102,679104775022;0,385763646763473;0,0275545350172216
"Exports";"Primary coloniaux";1755;100,014064156289;0,284538183533989;0,0260097919216646
"Exports";"Primary coloniaux";1756;110,730784743353;0,22150327227382;0,0354430379746835
"Exports";"Primary coloniaux";1757;105,066018835679;0,249506988108631;0,0574783683559951
"Exports";"Primary coloniaux";1758;105,049374860499;0,0975312264017632;0,0483749055177627
"Exports";"Primary coloniaux";1759;117,74943821887;0,0360323808986858;0,0294255021018216
"Exports";"Primary coloniaux";1760;117,722930196024;0,05135758726996;0,0253164556962025
"Exports";"Primary coloniaux";1761;125,656065743629;0,0806828643863063;0,025
"Exports";"Primary coloniaux";1762;123,425172521558;0,0998833870833178;0,0294802172226532
"Exports";"Primary coloniaux";1763;116,256798558562;0,142354297721269;0,0205047318611987
"Exports";"Primary coloniaux";1764;106,062170859263;0,366865028196827;0,0192058696590419
"Exports";"Primary coloniaux";1765;91,8368757530874;0,316239073316057;0,0246460409019402
"Exports";"Primary coloniaux";1766;91,8762499153488;0,211325571622931;0,0260183968462549
"Exports";"Primary coloniaux";1767;90,9306486980367;0,33214056510443;0,0218978102189781
"Exports";"Primary coloniaux";1768;81,4335570152915;0,335361993617461;0,0270568746548868
"Exports";"Primary coloniaux";1769;84,9980823884725;0,352137228503832;0,0257521058965102
"Exports";"Primary coloniaux";1770;87,1488867231263;0,450872133294058;0,0284329563812601
"Exports";"Primary coloniaux";1771;88,3573683184603;0,347423962993211;0,0259547645532073
"Exports";"Primary coloniaux";1772;86,6827046149805;0,43388618948819;0,0271359484148307
"Exports";"Primary coloniaux";1773;82,5746667053032;0,43194388103755;0,0282861896838602
"Exports";"Primary coloniaux";1774;77,655137916242;0,388543918930779;0,0246575342465753
"Exports";"Primary coloniaux";1775;83,6647280842057;0,437781334280012;0,0270935960591133
"Exports";"Primary coloniaux";1776;84,2936135844656;0,379598255065374;0,0232335329341317
"Exports";"Primary coloniaux";1777;81,0197796341343;0,517055796299427;0,0245514636449481
"Exports";"Primary coloniaux";1778;106,286687075614;0,427255023908099;0,0210126582278481
"Exports";"Primary coloniaux";1779;111,586663114323;0,225797474731639;0,0352278064819164
"Exports";"Primary coloniaux";1780;100,137245525964;0,19999181222261;0,0350981558596074
"Exports";"Primary coloniaux";1781;NA;NA;NA
"Exports";"Primary coloniaux";1782;NA;NA;NA
"Exports";"Primary coloniaux";1783;NA;NA;NA
"Exports";"Primary coloniaux";1784;NA;NA;NA
"Exports";"Primary coloniaux";1785;NA;NA;NA
"Exports";"Primary coloniaux";1786;NA;NA;NA
"Exports";"Primary coloniaux";1787;NA;NA;NA
"Exports";"Primary coloniaux";1788;NA;NA;NA
"Exports";"Primary coloniaux";1789;119,728098800041;0,34455433911242;0,0111075164455947
"Imports";"Primary european";1718;100;0,134481015544267;0,259493670886076
"Imports";"Primary european";1719;94,8430194481631;0,214153447810848;0,197440585009141
"Imports";"Primary european";1720;86,5858758786871;0,148581868597161;0,182509505703422
"Imports";"Primary european";1721;91,3560821362035;0,152523337266831;0,196078431372549
"Imports";"Primary european";1722;64,067191044358;0,0827062051971927;0,213178294573643
"Imports";"Primary european";1723;70,6415462648673;0,177928508328536;0,194366197183099
"Imports";"Primary european";1724;151,298727183202;0,268987791114507;0,186440677966102
"Imports";"Primary european";1725;140,910529444499;0,288735271148436;0,20866935483871
"Imports";"Primary european";1726;127,826890594789;0,201181597490542;0,210816777041943
"Imports";"Primary european";1727;133,673420947109;0,108419380705989;0,227886056971514
"Imports";"Primary european";1728;126,681736693187;0,244069878342127;0,216135458167331
"Imports";"Primary european";1729;134,858397424809;0,126324944070878;0,248051948051948
"Imports";"Primary european";1730;127,88264840433;0,259164784870366;0,239119804400978
"Imports";"Primary european";1731;120,540512246069;0,253005946702995;0,208118081180812
"Imports";"Primary european";1732;126,172443409248;0,213702643454651;0,241778601204261
"Imports";"Primary european";1733;129,56731796193;0,344526636787494;0,252052545155993
"Imports";"Primary european";1734;128,57656467156;0,202222188288631;0,217312894499549
"Imports";"Primary european";1735;127,920227724995;0,197542940989069;0,24611801242236
"Imports";"Primary european";1736;132,986381823418;0,189757258549264;0,232417950435365
"Imports";"Primary european";1737;134,139594079274;0,157436521118323;0,22962962962963
"Imports";"Primary european";1738;128,532766215534;0,240679389673335;0,22994863690241
"Imports";"Primary european";1739;128,529376100715;0,163683872103574;0,214425907752699
"Imports";"Primary european";1740;143,145373335697;0,183449383686888;0,19889224572004
"Imports";"Primary european";1741;140,269089645981;0,214511942010248;0,191366266132621
"Imports";"Primary european";1742;139,018121412427;0,22290031477477;0,199684708355229
"Imports";"Primary european";1743;136,038776722168;0,253827574505272;0,199488491048593
"Imports";"Primary european";1744;133,091997276378;0,212284789067797;0,218570683359416
"Imports";"Primary european";1745;133,265179073873;0,197015448890443;0,216666666666667
"Imports";"Primary european";1746;154,521598687056;0,258262425335447;0,216049382716049
"Imports";"Primary european";1747;163,684862458092;0,25034361874894;0,22879177377892
"Imports";"Primary european";1748;146,650961763143;0,349814530859866;0,217117684078036
"Imports";"Primary european";1749;143,517871225633;0,220190985775634;0,189262472885033
"Imports";"Primary european";1750;158,651949820512;0,268542591161106;0,226503210741389
"Imports";"Primary european";1751;159,211740139946;0,398925959901438;0,223376623376623
"Imports";"Primary european";1752;157,607917269159;0,341511257630286;0,207241543592187
"Imports";"Primary european";1753;148,776519080577;0,273175650612121;0,217414818820984
"Imports";"Primary european";1754;151,80952285099;0,290805186780815;0,216242191254205
"Imports";"Primary european";1755;154,707390638268;0,258228667577541;0,19847972972973
"Imports";"Primary european";1756;158,261056595433;0,250394849802252;0,220034246575342
"Imports";"Primary european";1757;159,029837566573;0,271038318069943;0,205412599822538
"Imports";"Primary european";1758;182,019149455267;0,278440653915262;0,20976067573909
"Imports";"Primary european";1759;179,888088173404;0,376843383066577;0,207392197125257
"Imports";"Primary european";1760;161,860306196615;0,296018855773778;0,277027027027027
"Imports";"Primary european";1761;170,768379492415;0,330318800713159;0,212198685171658
"Imports";"Primary european";1762;173,344037232134;0,322677946590168;0,196471531676022
"Imports";"Primary european";1763;168,511729486016;0,234114924099153;0,181506849315068
"Imports";"Primary european";1764;173,903433870448;0,247163255057658;0,182935393258427
"Imports";"Primary european";1765;182,671264519426;0,304456548669396;0,201414743112435
"Imports";"Primary european";1766;184,96212189359;0,280711246932185;0,195943498732343
"Imports";"Primary european";1767;188,21461931967;0,305731306458031;0,210834102800862
"Imports";"Primary european";1768;189,573221645715;0,302166125681889;0,201524535493092
"Imports";"Primary european";1769;188,460840609234;0,30519034327131;0,221131828590121
"Imports";"Primary european";1770;190,353941183875;0,278103801384016;0,207573632538569
"Imports";"Primary european";1771;193,083265205878;0,324152595054356;0,213600958657879
"Imports";"Primary european";1772;194,348892115701;0,200231596573568;0,192722910835666
"Imports";"Primary european";1773;193,533600881786;0,27196443885757;0,184963099630996
"Imports";"Primary european";1774;195,693451720822;0,283964935554365;0,209333784240785
"Imports";"Primary european";1775;192,700974847943;0,244585181367968;0,218428437792329
"Imports";"Primary european";1776;195,932698840045;0,245449928381158;0,212277091906722
"Imports";"Primary european";1777;205,920229976922;0,180555844805496;0,20103986135182
"Imports";"Primary european";1778;196,118430132121;0,151110775296247;0,225597609561753
"Imports";"Primary european";1779;197,021919571055;0,338187872824093;0,21255438160348
"Imports";"Primary european";1780;190,458767048716;0,204026574702615;0,215500945179584
"Imports";"Primary european";1781;NA;NA;NA
"Imports";"Primary european";1782;NA;NA;NA
"Imports";"Primary european";1783;NA;NA;NA
"Imports";"Primary european";1784;NA;NA;NA
"Imports";"Primary european";1785;NA;NA;NA
"Imports";"Primary european";1786;NA;NA;NA
"Imports";"Primary european";1787;189,407292716933;0,374029541716785;0,104806934594169
"Imports";"Primary european";1788;NA;NA;NA
"Imports";"Primary european";1789;261,048174365848;0,261845130319498;0,175872093023256
"Exports";"Primary european";1718;100;0,608128972256398;0,175379426644182
"Exports";"Primary european";1719;106,867045111786;0,420487604367631;0,138888888888889
"Exports";"Primary european";1720;83,8896483753288;0,619484246463642;0,161178509532062
"Exports";"Primary european";1721;105,616410773312;0,655305620823445;0,175925925925926
"Exports";"Primary european";1722;155,905614145103;0,372733071090061;0,174107142857143
"Exports";"Primary european";1723;237,714958445352;0,721104079771624;0,157608695652174
"Exports";"Primary european";1724;262,049880453381;0,731829549856516;0,180365296803653
"Exports";"Primary european";1725;307,545719457762;0,620260244354995;0,179921773142112
"Exports";"Primary european";1726;225,36691366295;0,520240117477575;0,176602924634421
"Exports";"Primary european";1727;212,931934671133;0,28657235653037;0,159590043923865
"Exports";"Primary european";1728;199,228611903346;0,318836611673604;0,142695356738392
"Exports";"Primary european";1729;151,818545589236;0,487286102166703;0,170550847457627
"Exports";"Primary european";1730;179,294498227801;0,375342158802727;0,134870317002882
"Exports";"Primary european";1731;159,315739254636;0,196974534654341;0,142690058479532
"Exports";"Primary european";1732;168,625376201862;0,202784241819659;0,127408572552104
"Exports";"Primary european";1733;165,05274193508;0,25305831229867;0,161752316764954
"Exports";"Primary european";1734;250,356777226035;0,437058262544242;0,119712689545092
"Exports";"Primary european";1735;164,638949907419;0,240411209396331;0,162298387096774
"Exports";"Primary european";1736;179,718141965022;0,246968302505999;0,15005931198102
"Exports";"Primary european";1737;189,48069586289;0,260163475427421;0,14775871610404
"Exports";"Primary european";1738;199,33702975632;0,208239505972922;0,124219037118706
"Exports";"Primary european";1739;213,983262483979;0,168869067628802;0,136413641364136
"Exports";"Primary european";1740;246,488583749365;0,172027654882869;0,134876883498714
"Exports";"Primary european";1741;281,282322157802;0,124277640895272;0,122324159021407
"Exports";"Primary european";1742;341,762824283894;0,342434213259119;0,0956834532374101
"Exports";"Primary european";1743;255,563731117194;0,212996313668648;0,131081081081081
"Exports";"Primary european";1744;215,008956412372;0,262646948047164;0,153311529026983
"Exports";"Primary european";1745;223,09334845129;0,236312943048039;0,167326732673267
"Exports";"Primary european";1746;246,313012714418;0,235907283109304;0,161928751349406
"Exports";"Primary european";1747;236,461190593355;0,138076868502364;0,14391287436795
"Exports";"Primary european";1748;265,149492116758;0,23682372056999;0,148769574944072
"Exports";"Primary european";1749;281,141634364362;0,175554242095922;0,131316098707403
"Exports";"Primary european";1750;325,072142411131;0,130634148985175;0,145150319684397
"Exports";"Primary european";1751;369,37292455969;0,196480458945092;0,141495382782246
"Exports";"Primary european";1752;342,422378474636;0,201756765407377;0,13909559244419
"Exports";"Primary european";1753;306,704068826458;0,369835714584403;0,114516129032258
"Exports";"Primary european";1754;334,984308155189;0,310434315587074;0,111366245694604
"Exports";"Primary european";1755;273,563104624362;0,203707617378169;0,122093023255814
"Exports";"Primary european";1756;273,588475055662;0,173368288476069;0,14249547920434
"Exports";"Primary european";1757;252,729631939648;0,346548512388238;0,147095179233622
"Exports";"Primary european";1758;285,884151676493;0,476736568202109;0,150415721844293
"Exports";"Primary european";1759;315,615746828146;0,280408320520889;0,144325081737506
"Exports";"Primary european";1760;301,66663442727;0,384485964458811;0,146590445079624
"Exports";"Primary european";1761;233,764636831469;0,329786425695464;0,130434782608696
"Exports";"Primary european";1762;237,574664504899;0,310395029665951;0,142358417377812
"Exports";"Primary european";1763;269,903392148276;0,189248487428542;0,117169896349707
"Exports";"Primary european";1764;280,382746238137;0,205134605274922;0,112429866206301
"Exports";"Primary european";1765;301,795325395151;0,30809735224262;0,126900891452543
"Exports";"Primary european";1766;313,864499806652;0,179450146435752;0,12431011826544
"Exports";"Primary european";1767;342,73328199439;0,263314624121998;0,128166595105195
"Exports";"Primary european";1768;321,258188062084;0,22146657530854;0,125345113197129
"Exports";"Primary european";1769;323,412064369283;0,218477859266588;0,124909747292419
"Exports";"Primary european";1770;382,151812269262;0,212197440431392;0,116316639741519
"Exports";"Primary european";1771;349,389324653551;0,123953719518325;0,118650352243233
"Exports";"Primary european";1772;292,919764834174;0,168197634688143;0,1211714132187
"Exports";"Primary european";1773;282,859599728404;0,170691698540113;0,114808652246256
"Exports";"Primary european";1774;302,86009146198;0,177830232226772;0,115068493150685
"Exports";"Primary european";1775;337,257157384709;0,171053480148534;0,114532019704433
"Exports";"Primary european";1776;328,531336342756;0,184221337552163;0,112335329341317
"Exports";"Primary european";1777;376,642647952768;0,244824822083151;0,11614730878187
"Exports";"Primary european";1778;363,853570898737;0,168853502443092;0,0969620253164557
"Exports";"Primary european";1779;342,460981641311;0,148344166441077;0,147017379051198
"Exports";"Primary european";1780;319,453566893418;0,173391410614546;0,132659131469363
"Exports";"Primary european";1781;NA;NA;NA
"Exports";"Primary european";1782;NA;NA;NA
"Exports";"Primary european";1783;NA;NA;NA
"Exports";"Primary european";1784;NA;NA;NA
"Exports";"Primary european";1785;NA;NA;NA
"Exports";"Primary european";1786;NA;NA;NA
"Exports";"Primary european";1787;NA;NA;NA
"Exports";"Primary european";1788;NA;NA;NA
"Exports";"Primary european";1789;452,63942162793;0,133196861058458;0,0798015744634962
