customs_region,customs_region_simpl,nbr_occurence,nbr_occurence_simpl,customs_region_grouping,nbr_occurence_grouping,customs_region_province,customs_region_hinterland,remarks_customs_region,nbr_occurence_customs_province
,,234006,234129,,234405,,,,234405
[vide],,1,234129,,234405,,,,234405
Amiens,Amiens,1735,1787,Amiens,1787,Picardie,Picardie,,2699
Antilles par la Compagnie des Indes,Îles françaises de l'Amérique par la Compagnie des Indes,45,45,Colonies Françaises de l'Amérique,789,Colonies Françaises,Colonies Françaises,,1050
Auch,Auch,206,206,Bordeaux,39327,Guyenne,Foix,,59639
Aunis et de la Saintonge,La Rochelle,16,31946,La Rochelle,31946,Aunis,Aunis,,31946
Basse Normandie,Caen,22,1931,Caen,1931,Normandie,Normandie,,31720
Bayonne,Bayonne,20312,20312,Bayonne,20312,Guyenne,Béarn,Port franc,59639
Béarn,France,22,880,France,366,Béarn,Béarn,,22
Besancon,Besançon,1167,1599,Bourgogne,2362,Franche-Comté,Franche-Comté,,1167
Besançon,Besançon,432,1599,Bourgogne,2362,Bourgogne,Bourgogne,,1195
Bordeaux,Bordeaux,39072,39121,Bordeaux,39327,Guyenne,Guyenne,,59639
"Bordeaux, Amiens, La Rochelle, Rouen, Caen, Nantes, Saint-Malo, Port-Louis",France,470,880,Divers,1004,Divers,Divers,,693
"Bordeaux, Saint-Malo, Rouen, Caen, La Rochelle",France,218,880,Divers,1004,Divers,Divers,,693
Bourgogne,Bourgogne,763,763,Bourgogne,2362,Bourgogne,Bourgogne,,1195
Brest,Brest,1,1,Rennes,28075,Bretagne,Bretagne,,82136
"Brest, Port Louis, Rochefort, Morlaix, Saint-Servan, Redon, Honfleur, Cherbourg, Dieppe et Toulon",Divers,1,4,Divers,1004,Inconnu,Inconnu,,886
Bretagne,Rennes,58,26489,Rennes,28075,Bretagne,Bretagne,,82136
Bureaux de terre,Divers,3,4,Divers,1004,Divers,Divers,,693
Caen,Caen,1784,1931,Caen,1931,Normandie,Normandie,,31720
Caën,Caen,125,1931,Caen,1931,Normandie,Normandie,,31720
Chalons,Châlons,1059,3078,Châlons,3101,Champagne,Champagne,statut spécial (grand fief évêque comte,5450
Châlons,Châlons,2019,3078,Châlons,3101,Champagne,Champagne,statut spécial (grand fief évêque comte,5450
Charleville,Charleville,1546,1546,Charleville,1546,Champagne,Champagne,,5450
Colonies Françaises de l'Amérique,Colonies Françaises de l'Amérique,744,744,Colonies Françaises de l'Amérique,789,Colonies Françaises,Colonies Françaises,,1050
comNantes,Nantes,1,55094,Nantes,55094,Bretagne,Bretagne,,82136
Dieppe,Rouen,1,29788,Rouen,29789,Normandie,Normandie,,31720
Directions de terre,Directions de terre,3,3,Divers,1004,Inconnu,Inconnu,,886
Divers,,122,234129,,234405,,,,234405
Dunkerque,Dunkerque,1,2,Flandre,7299,Flandre,Flandre,port franc,7299
Flandre,Flandre,2827,6350,Flandre,7299,Flandre,Flandre,,7299
Flandre Françoise,Flandre,115,6350,Flandre,7299,Flandre,Flandre,,7299
France,France,2,880,Divers,1004,Divers,Divers,,693
France par la Compagnie des Indes,France par la Compagnie des Indes,261,261,Compagnie des Indes,261,Colonies Françaises,Colonies Françaises,,1050
Grenoble,Grenoble,1349,1349,Lyon,4057,Dauphiné,Dauphiné,,1349
"Grenoble, Marseille et Lyon","Grenoble, Lyon et Marseille",307,307,Divers,1004,Inconnu,Inconnu,,886
Guyenne,Bordeaux,49,39121,Bordeaux,39327,Guyenne,Guyenne,,59639
Haute Normandie,Rouen,74,29788,Rouen,29789,Normandie,Normandie,,31720
La Rochelle,La Rochelle,31930,31946,La Rochelle,31946,Aunis,Aunis,,31946
Langres,Langres,803,803,Langres,803,Champagne,Champagne,status spécial (grand fief),5450
Languedoc,Montpellier,13,4097,Montpellier,4097,Languedoc,Languedoc,,6352
Le Havre,Le Havre,1,1,Rouen,29789,Normandie,Normandie,,31720
Lille,Flandre,3408,6350,Flandre,7299,Flandre,Flandre,,7299
Lille - port de Dunkerque - commerce privilégié,Dunkerque,1,2,Flandre,7299,Flandre,Flandre,Port franc,7299
Lorient,Lorient,552,552,Rennes,28075,Bretagne,Bretagne,Port franc,82136
Lyon,Lyon,2301,2708,Lyon,4057,Lyonnais,Lyonnais,,2301
"Lyon, Grenoble et Valence",Lyon,407,2708,Lyon,4057,Inconnu,Inconnu,,886
Marseille,Marseille,117629,117662,Marseille,118769,Provence,Provence,Port franc,118769
Montpellier,Montpellier,4083,4097,Montpellier,4097,Languedoc,Languedoc,,6352
Nantes,Nantes,55093,55094,Nantes,55094,Bretagne,Bretagne,,82136
Narbonne,Narbonne,2256,2256,Narbonne,2256,Languedoc,Languedoc,,6352
Paris,Paris,175,176,France,366,Île-de-France,Île-de-France,,176
paris,Paris,1,176,France,366,Île-de-France,Île-de-France,,176
Passeport du roy,France,1,880,France,366,Inconnu,Inconnu,,886
Passeports,France,167,880,France,366,Inconnu,Inconnu,,886
Picardie,Amiens,52,1787,Amiens,1787,Picardie,Picardie,,2699
Provence,Marseille,33,117662,Marseille,118769,Provence,Provence,,118769
Rennes,Rennes,26431,26489,Rennes,28075,Bretagne,Bretagne,,82136
Rouen,Rouen,29385,29788,Rouen,29789,Normandie,Normandie,,31720
Roüen,Rouen,328,29788,Rouen,29789,Normandie,Normandie,,31720
Roussillon,Montpellier,1,4097,Montpellier,4097,Roussillon,Roussillon,,1
Saint Malo,Saint-Malo,1,1033,Rennes,28075,Rennes,Bretagne,,1033
Saint Quentin,Saint-Quentin,223,912,Saint-Quentin,912,Picardie,Picardie,,2699
Saint Servan,Saint-Malo,1,1033,Rennes,28075,Rennes,Bretagne,,1033
Saint-Domingue,Saint-Domingue,276,276,,234405,,,,234405
Saint-Malo,Saint-Malo,1031,1033,Rennes,28075,Rennes,Bretagne,,1033
Saint-Quentin,Saint-Quentin,689,912,Saint-Quentin,912,Picardie,Picardie,,2699
Soissons,Soisson,23,23,Châlons,3101,Champagne,Champagne,,5450
Toulon,Toulon,1107,1107,Marseille,118769,Provence,Provence,,118769
Valenciennes,Valenciennes,947,947,Flandre,7299,Flandre,Flandre,,7299
