simplification,nbr_occurences_simpl,wars,note,nbr_occurences_wars
,79,,,470
?,12,???,,34
???,22,???,,34
[vide],2868,[vide],,2868
Afrique,49,Afrique,,83
Afrique occidentale,34,Afrique,,83
Alexandrette,37,Levant,,27025
Alger,46,Levant,,27025
Aligre de Marans ou Marennes,1,France,,8102
Allemagne,20107,Allemagne,,23337
Allemagne et Lorraine,125,Allemagne,,23337
Allemagne et Pologne,1318,Allemagne,,23337
"Allemagne, Lorraine et Pays de Liège",1787,Allemagne,,23337
Alsace,632,France,,8102
Alsace et les Trois Évêchés,3,France,,8102
Alsace et Lorraine,6,France,,8102
"Alsace, Bayonne, Dunkerque, Lorient et Petites Îles",1,France,,8102
Amérique et Inde,1,Amérique et Inde,,4077
"Amérique, colonies françaises et Inde",1,Amérique et Inde,,4077
"Amérique, Inde et Turquie",2,Amérique et Inde,,4077
Amériques,50,Amérique et Inde,,4077
Amiens,2,France,,8102
Angleterre,27545,Angleterre et ses colonies,,27992
Angleterre et Cologne,1,Angleterre et ses colonies,,27992
Angleterre et flotte anglaise,227,Angleterre et ses colonies,,27992
Angleterre et Irlande,1,Angleterre et ses colonies,,27992
Antilles et Colonies Françaises,105,Colonies françaises,,30031
Archipel,5,Levant,,27025
Asie,79,Asie,,172
Autriche,2040,Autriche,,2040
Barbarie,619,Levant,,27025
Barbarie dans l'Océan,8,Levant,,27025
Barbarie dans l'Océan et Îles françaises d'Amérique,59,Levant,,27025
Barbarie et Levant,441,Levant,,27025
"Barbarie, Empire Ottoman et Levant",123,Levant,,27025
Bayonne,621,France,,8102
Bayonne et ?,1,France,,8102
Bayonne et Dunkerque,3,France,,8102
Bayonne et Lorient,3,France,,8102
Bayonne et Lorient et Petites Îles,2,France,,8102
Bayonne et Marseille,3,France,,8102
Bayonne et Marseille et Petites Îles,1,France,,8102
Bayonne et Marseille et Petites Îles (???),1,France,,8102
Bayonne et Petites Îles,4,France,,8102
"Bayonne, Dunkerque et Marseille",11,France,,8102
"Bayonne, Dunkerque, Lorient et Petites Îles",3,France,,8102
"Bayonne, Lorient et Petites Îles",1,France,,8102
Belgique,67,Belgique,,83
Besançon,2,France,,8102
Bilbao,10,Espagne et ses colonies,,67318
Bilbao et Cadix,3,Espagne et ses colonies,,67318
Brême,9,Villes hanséatiques,,5092
"Brême, Lubeck, Norvège et villes hanséatiques",1,Villes hanséatiques,,5092
Brésil,30,Amérique et Inde,,4077
Bruges,16,Belgique,,83
Cadix,6,France,,8102
Canada,38,Colonies françaises,,30031
Candie,5,Levant,,27025
Cannée et Candie,3,Levant,,27025
Cayenne et Guyane,1177,Colonies françaises,,30031
Cayenne et Île Bourbon,1,Colonies françaises,,30031
Cayenne et Sénégal,1,Colonies françaises,,30031
Chili,15,Amérique et Inde,,4077
Chine,93,Asie,,172
Chypre,17,Levant,,27025
Clermontois,71,France,,8102
Colonies,136,,,470
Colonies anglaises,132,Angleterre et ses colonies,,27992
Colonies danoises,90,Danemark et ses colonies,,13106
Colonies des États-Unis d'Amérique,143,États-Unis d'Amérique et ses colonies,,6578
Colonies espagnoles,153,Espagne et ses colonies,,67318
Colonies françaises,2260,Colonies françaises,,30031
Colonies françaises au-delà du Cap,4,Colonies françaises,,30031
Colonies françaises d'Amérique,384,Colonies françaises,,30031
Colonies françaises en-deça du Cap,4,Colonies françaises,,30031
Colonies françaises et colonies hollandaises,20,Colonies françaises,,30031
Colonies françaises et Inde,1,Colonies françaises,,30031
Colonies françaises et Saint-Domingue,1,Colonies françaises,,30031
Colonies françaises hors Guyane et Sénégal,3,Colonies françaises,,30031
Colonies hollandaises,142,Hollande et ses colonies,,80310
Colonies portugaises,27,Portugal et ses colonies,,15808
Colonies suédoises,57,Suède et ses colonies,,11647
Commerce de la Compagnie des Indes,133,Amérique et Inde,,4077
Constantinople,22,Levant,,27025
Corse,190,Divers,,7327
Courlande et Russie,219,Nord,,34147
Cuba et Porto Rico,20,Amérique et Inde,,4077
Danemark,12570,Danemark et ses colonies,,13106
Danemark et Norvège,446,Danemark et ses colonies,,13106
Duché de Bouillon,108,Duché de Bouillon,,108
Dunkerque,918,France,,8102
Dunkerque et Lorient,2,France,,8102
Dunkerque et Marseille,2,France,,8102
Dunkerque et Petites Îles,4,France,,8102
"Dunkerque, Lorient et Petites Îles",3,France,,8102
Égypte,53,Levant,,27025
Empire Ottoman,1480,Levant,,27025
Empire Ottoman et Barbarie,2217,Levant,,27025
Empire Ottoman et Levant,335,Levant,,27025
"entre l'étranger et les ports français de Bayonne, Saint-Jean-de-Luz, Lorient, Dunkerque et Marseille",1,Divers,,7327
Entrepôt,87,Divers,,7327
Épaves et échouements,56,Épaves et échouements,,56
Espagne,62879,Espagne et ses colonies,,67318
Espagne et Portugal,1,Divers,,7327
Espagne et ses colonies,4243,Espagne et ses colonies,,67318
Espagne par mer,2,Espagne et ses colonies,,67318
Espagne par terre,2,Espagne et ses colonies,,67318
États ?,8,Divers,,7327
États de l'Empereur,4614,États de l'Empereur,,4618
États de l'Empereur par mer,2,États de l'Empereur,,4618
États de l'Empereur par terre,2,États de l'Empereur,,4618
États du roi,1,États du roi,,1
États ecclésiastiques,1732,États ecclésiastiques,,1849
États ecclésiastiques et Venise,51,États ecclésiastiques,,1849
États romains,64,États ecclésiastiques,,1849
États-Unis d'Amérique,6435,États-Unis d'Amérique et ses colonies,,6578
Europe,414,Divers,,7327
"Europe (y compris le Levant, la Barbarie, et les États-Unis d'Amérique)",479,Divers,,7327
Flandre,19252,Flandre,,19253
France,18,France,,8102
Franche Comté,8,France,,8102
Gênes,15692,Gênes,,15696
"Gênes, Milan, Toscane et Lucques",4,Gênes,,15696
Genève,3220,Genève et Suisse,,21278
Genève et Piémont,604,Divers,,7327
Genève et Suisse,2640,Genève et Suisse,,21278
"Genève, Suisse et ses alliés",1112,Genève et Suisse,,21278
Gibraltar,1,Angleterre et ses colonies,,27992
Gothembourg,10,Suède et ses colonies,,11647
Guadeloupe,2337,Colonies françaises,,30031
Guatemala,2,Colonies françaises,,30031
Guernesey,2,Angleterre et ses colonies,,27992
Guernesey et Dumbarton,1,Angleterre et ses colonies,,27992
Guinée,10702,Colonies françaises,,30031
Guinée et Sénégal,3124,Colonies françaises,,30031
Guyane,11,Colonies françaises,,30031
Guyane anglaise,4,Angleterre et ses colonies,,27992
Guyane et Sénégal,2,Colonies françaises,,30031
Guyane française,2,Colonies françaises,,30031
Haïti,10,Colonies françaises,,30031
Hambourg,112,Villes hanséatiques,,5092
"Hambourg, Hollande et Livourne",1,Divers,,7327
Hollande,77681,Hollande et ses colonies,,80310
Hollande et Villes hanséatiques,223,Divers,,7327
Île Bourbon,53,Îles,,53491
Île Bourbon et Inde,3,Îles,,53491
Île d'Oléron,2,France,,8102
Île de Noirmoutier,1,France,,8102
Île de Ré,11,Îles,,53491
Île Maurice,22,Îles,,53491
Îles,7109,Îles,,53491
Îles de France et de Bourbon,473,Îles,,53491
Îles de l'Amérique,136,Îles,,53491
Îles et Guinée,2,Îles,,53491
Îles françaises,2011,Îles,,53491
Îles françaises de l'Amérique,43074,Îles,,53491
Inconnu,209,Divers,,7327
Inde étrangère,18,Divers,,7327
Indes,3744,Amérique et Inde,,4077
Indes anglaises,16,Angleterre et ses colonies,,27992
Indes et Moka,41,Amérique et Inde,,4077
Indes françaises,22,Colonies françaises,,30031
Indes hollandaises,6,Hollande et ses colonies,,80310
Irlande,62,Angleterre et ses colonies,,27992
Italie,40459,Italie,,40459
Levant,21428,Levant,,27025
Levant et Toscane,1,Levant,,27025
Lisbonne,11,Portugal et ses colonies,,15808
Livourne,254,Livourne,,254
Lorient,392,France,,8102
Lorient et Marseille,1,France,,8102
Lorient et Petites Îles,3,France,,8102
Lorient et Petites Îles (???),1,France,,8102
Lorraine,916,France,,8102
Lorraine et Trois Évêchés,1,France,,8102
Louisiane,7,Colonies françaises,,30031
Lübeck en Norvège,1,Villes hanséatiques,,5092
Marseille,3467,France,,8102
Marseille et Petites Îles,1,France,,8102
Martinique,2929,Colonies françaises,,30031
Mecklembourg-Schwerin,4,Nord,,34147
Mexique,9,Amérique et Inde,,4077
Milanais,5,"Milanais, Toscane et Lucques",,1968
Milanais et Toscane,731,"Milanais, Toscane et Lucques",,1968
"Milanais, Toscane et Lucques",1232,"Milanais, Toscane et Lucques",,1968
Milddelbourg,1,Hollande et ses colonies,,80310
Monde,4492,Divers,,7327
"Monde (hors Amérique, colonies françaises, Europe et Inde)",1,Divers,,7327
Monde hors Amérique,1,Divers,,7327
Monde hors Amérique et hors Inde,5,Divers,,7327
Monde hors Amérique et hors Inde et hors Piémont,1,Divers,,7327
Monde hors colonies,458,Divers,,7327
Monde hors Europe,52,Divers,,7327
Monde hors Europe et hors colonies,1,Divers,,7327
Monde hors Europe et hors colonies françaises et hors Inde,1,Divers,,7327
Monde hors Europe et hors Sénégal français,2,Divers,,7327
Monde hors Guyanne française,2,Divers,,7327
Monde hors Pays de Gex,1,Divers,,7327
Monde réexports,71,Divers,,7327
Monde via Dunkerque,164,,,470
Monds hors Ports de la Baltique,1,Divers,,7327
Mont-Saint-Michel,1,France,,8102
Morée,11,France,,8102
Nancy,2,France,,8102
Nantes,1,France,,8102
Naples,5529,Naples,,11235
Naples et Sicile,5068,Naples,,11235
"Naples, Sicile et Parme",638,Naples,,11235
Nord,23015,Nord,,34147
Nord (Hanse et Russie),4088,Nord,,34147
Nord (Hanse et Suède),91,,,470
Norvège,88,Nord,,34147
Nouvelle-Grenade,3,Espagne et ses colonies,,67318
Pays d'Aunis,1,France,,8102
Pays de Gex,48,France,,8102
Pays de Labour,127,France,,8102
Pays-Bas,1031,Hollande et ses colonies,,80310
Pays-Bas et ses colonies,1443,Hollande et ses colonies,,80310
Pêches à la Baleine,2,Pêches,,69
Pêches à la Morue à Terre-Neuve,2,Pêches,,69
Pêches à la Morue en Islande,1,Pêches,,69
Pêches côtières (Hareng),2,Pêches,,69
Pêches côtières (Maquereaux),2,Pêches,,69
Pêches côtières (Sardines),1,Pêches,,69
Pêches étrangères,17,Pêches,,69
Pêches françaises,42,Pêches,,69
Pérou,6,Amérique et Inde,,4077
Petites Îles,597,Îles,,53491
Philippines,1,Divers,,7327
Piémont,1590,Royaume de Piemont et Sardaigne,,33883
Piémont et Savoie,340,Royaume de Piemont et Sardaigne,,33883
Piémont par mer,1,Royaume de Piemont et Sardaigne,,33883
Piémont par terre,1,Royaume de Piemont et Sardaigne,,33883
Poitou,1,France,,8102
Pologne,305,Pologne,,306
Pologne-Genève,1,Pologne,,306
Ports de la Baltique,1,Pays Baltique,,4
Ports et pays de France à l'instar de l'étranger,2,France,,8102
Portugal,15770,Portugal et ses colonies,,15808
Prises et saisies,1305,Prises et saisies,,1305
Prusse,4743,Prusse,,4745
Prusse – par mer,2,Prusse,,4745
Riga,3,Pays Baltique,,4
Rio de la Plata,14,Espagne et ses colonies,,67318
Rome et Venise,2,États ecclésiastiques,,1849
Rotterdam,6,Hollande et ses colonies,,80310
Rouen,1,France,,8102
Royaume d'Étrurie,1153,Royaume d'Étrurie,,1153
Royaume de Sardaigne,5909,Royaume de Piemont et Sardaigne,,33883
Royaume de Sardaigne – par mer,2,Royaume de Piemont et Sardaigne,,33883
Royaume de Sardaigne – par terre,2,Royaume de Piemont et Sardaigne,,33883
Russie,6733,Nord,,34147
Saint-Domingue,5749,Colonies françaises,,30031
Saint-Jean de Luz,9,Espagne et ses colonies,,67318
Saint-Thomas,11,Amérique et Inde,,4077
Salonique,5,Levant,,27025
"Salonique, Archipel et Satali",17,Levant,,27025
Sardaigne,2202,Royaume de Piemont et Sardaigne,,33883
Savoie,12044,Royaume de Piemont et Sardaigne,,33883
Savoie et Piémont,11792,Royaume de Piemont et Sardaigne,,33883
Sénégal,318,Colonies françaises,,30031
Sénégal français,8,Colonies françaises,,30031
Sidon,5,Levant,,27025
Sidon et Acre,15,Levant,,27025
Smyrne,35,Levant,,27025
"Stockholm, Middelbourg, Götenborg, Andenville, Narbeck et Gherben en Suède",2,Suède et ses colonies,,11647
Strasbourg,1,France,,8102
Suède,11400,Suède et ses colonies,,11647
Suède et ses colonies,178,Suède et ses colonies,,11647
Suisse,14306,Genève et Suisse,,21278
Tobago,807,Colonies françaises,,30031
Tobago et Sainte-Lucie,2,Colonies françaises,,30031
Toscane,636,Toscane,,636
Tripoli de Syrie,15,Levant,,27025
Trois Évêchés,788,France,,8102
Turquie,34,Levant,,27025
Vénézuela,14,Amérique et Inde,,4077
Venise,1989,Venise,,1989
Villes hanséatiques,4969,Villes hanséatiques,,5092
Voitures diverses,2,Divers,,7327
Ypres,1,Flandre,,19253
