source,orthographic,source_bdc,nbr_occurences_source,nbr_occurences_orthographic
,,1,166039,166111
?,????,1,60,240
??,????,1,12,240
???,????,1,31,240
??? pièces,pièces,1,9,26330
????,????,1,137,240
???? an,???? an,1,1,1
???? Aunes,???? aunes,1,1,4
???? aunes,???? aunes,1,3,4
???? aunes ou livres,???? aunes ou livres,1,1,1
???? B,???? b,1,1,1
???? bann,???? bann,1,2,2
???? Bar,???? bar,1,1,1
???? boileaux,???? boileaux,1,1,1
???? boir X,???? boir x,1,2,2
???? boisses,???? boisses,1,1,1
???? boucoud,???? boucoud,1,1,1
???? boue(c)s,???? boue(c)s,1,2,2
???? boul,???? boul,1,1,1
???? bout s,???? bout s,1,9,9
???? bouteilles,???? bouteilles,1,1,1
???? caps,???? caps,1,1,1
???? cha,???? cha,1,1,1
???? charres,???? charres,1,1,1
???? de la bour.,???? de la bour.,1,2,2
???? grosses,???? grosses,1,1,1
???? LC dit peut être fausse valeur,???? lc dit peut être fausse valeur,1,1,1
???? livres,???? livres,1,2,2
???? lotes,???? lotes,1,1,1
???? m,???? m,1,2,2
???? malls,???? malls,1,1,1
???? maq s,???? maq s,1,1,1
???? mo,???? mo,1,1,1
???? mot,???? mot,1,2,2
???? mottes,???? mottes,1,1,1
???? p,???? p,1,2,2
???? paquets,???? paquets,1,1,1
???? pièces,???? pièces,1,1,1
???? po/ans,???? po/ans,1,1,1
???? quar,???? quar,1,1,1
???? Rien,???? rien,1,7,7
???? scdes,???? scdes,1,1,1
???? teinpettes,???? teinpettes,1,1,1
???? tonneaux,???? tonneaux,1,1,1
???? tonnes,???? tonnes,1,1,1
???? tours,???? tours,1,1,1
???? W,???? w,1,1,1
???? wades,???? wades,1,1,1
???? wagues,???? wagues,1,1,1
???? weltes,???? weltes,1,1,1
?ans,?ans,1,1,1
[vide],,1,2,166111
#,#,1,2,2
450 Feuilles,barils de 450 feuilles,1,1,43
6 flacons,6 flacons,1,1,1
600 Feuilles,barils de 600 feuilles,1,1,5
9 flacons,9 flacons,1,1,1
A. 1/2,À demi,1,1,1
aimes,aimes,1,3,8
alvrames,alvrames,1,2,2
Ancre,ancre,1,19,107
ancre,ancre,1,2,107
Ancres,ancre,1,41,107
ancres,ancre,1,45,107
andouilles,andouilles,1,1,1
années,anée,1,1,15
Arobe,arrobes,1,2,10
Arobes,arrobes,1,5,10
Aroves,arrobes,1,2,10
Arrobes,arrobes,1,1,10
arts,arts,1,1,1
asnée,anée,1,1,15
asnées,anée,1,12,15
asnes,anée,1,1,15
assortis,assortis,1,1,1
au nombre,en nombre,1,1,19525
aulne,aunes,1,5,10691
Aulnes,aunes,1,61,10691
aulnes,aunes,1,292,10691
aumes,aunes,1,18,10691
Aums,aunes,1,19,10691
Aune,aunes,1,366,10691
aune,aunes,1,220,10691
AUNES,aunes,1,21,10691
AUnes,aunes,1,1,10691
Aunes,aunes,1,2924,10691
aunes,aunes,1,6715,10691
aunes carrées,aunes carrées,1,1,1
Auns,aunes,1,48,10691
autunce,aunes,1,1,10691
Ayme,aimes,1,1,8
aymes,aimes,1,3,8
aynes,aimes,1,1,8
bahnes,bannes,1,1,30
baille du Poids de 250 livres chacun,barils de 250 livres,1,1,1
bailler,bailles,1,14,41
Bailles,bailles,1,12,41
bailles,bailles,1,14,41
baillet,bailles,1,1,41
Baines,baines,1,1,2
bairque,barriques,1,1,5486
Baisse,,1,1,166111
Bales,balle,1,2,570
bales,balle,1,2,570
balets,ballots,1,1,229
Balle,balle,1,7,570
balle,balle,1,11,570
balle et 900 livres,balle et 900 livres,1,1,1
balle et ballot,balle et ballot,1,6,6
Balles,balle,1,68,570
balles,balle,1,478,570
ballles,balle,1,2,570
balllot,ballots,1,1,229
Ballon,ballon,1,2,20
ballon,battots,1,1,1
Ballons,ballon,1,10,20
ballons,ballon,1,6,20
Ballos,ballots,1,1,229
Ballot,ballots,1,4,229
ballot,ballots,1,7,229
Ballot petit,ballot petit,1,1,1
Ballots,ballots,1,40,229
ballots,ballots,1,105,229
balon,ballots,1,1,229
Balons,ballon,1,2,20
balons,ballots,1,1,229
Balot,ballots,1,3,229
balot,ballots,1,5,229
Balots,ballots,1,10,229
balots,ballots,1,50,229
banne,bannes,1,1,30
Bannes,bannes,1,7,30
bannes,bannes,1,21,30
baquet,baquet,1,1,1
barals,barils,1,1,7657
barattes,barattes,1,1,1
Barbançons,barbançons,1,1,1
barbançons,,1,3,166111
barbots,barbots,1,1,1
barbues,barbues,1,3,5
barbuës,barbues,1,1,5
Barbus,barbues,1,1,5
bards,bards,1,1,1
barig de 500 livres,barils de 500 livres,1,1,1
barigaux,barriques,1,1,5486
Baril,barils,1,221,7657
baril,barils,1,173,7657
baril à 450 Feuilles,barils de 450 feuilles,1,1,43
baril double,barils doubles,1,1,5
baril et ancre,barils et ancre,1,1,1
baril et caisse,barils et caisse,1,7,7
Baril petit,barils petits,1,1,62
"baril, caisse et ballot",barils caisse et ballots,1,1,1
Barile,barils,1,2,7657
bariles doubles,barils doubles,1,1,5
barill,barils,1,1,7657
barilles,barils,1,9,7657
Barillet,barillets,1,1,59
Barillets,barillets,1,30,59
barillets,barillets,1,19,59
Barils,barils,1,2118,7657
barils,barils,1,4478,7657
barils ?,barils ???,1,2,2
barils de 100 l,barils de 100 livres,1,1,2
barils de 100 livres,barils de 100 livres,1,1,2
barils de 20 pots,barils de 20 pots,1,1,1
Barils de 450 Feuilles,barils de 450 feuilles,1,2,43
Barils de 450 feuilles,barils de 450 feuilles,1,34,43
barils de 450 feuilles,barils de 450 feuilles,1,2,43
Barils de 450 feuillles,barils de 450 feuilles,1,1,43
Barils de 600 feuilles,barils de 600 feuilles,1,4,5
barils de 64 pots,barils de 64 pots,1,2,2
Barils de grand modèle 330,barils de grand modèle 330,1,1,1
Barils double,barils double,1,2,19
barils double,barils double,1,1,19
barils doubler,barils double,1,1,19
barils doubles,barils double,1,15,19
barils feuiller,barils feuiller,1,1,1
Barils grand modèle,barils grand modèle,1,1,1
barils gros,barils gros,1,1,3
barils petit,barils petits,1,1,62
Barils petit modèle,barils petit modèle,1,1,1
Barils petits,barils petits,1,2,62
barils petits,barils petits,1,9,62
Barils petits de 300,barils petits de 300,1,1,1
barils simple,barils simple,1,1,8
barils simples,barils simple,1,7,8
Barique,barriques,1,388,5486
barique,barriques,1,79,5486
Bariqueq,barriques,1,1,5486
Bariques,barriques,1,1291,5486
bariques,barriques,1,1548,5486
bariques à 400 L,barriques à 400 L.,1,1,1
bariques d'un milliers,barriques d'un millier,1,1,1
bariques de 1000 livres,barriques de 1000 livres,1,6,6
bariques de 500 L,barriques à 500 L.,1,1,1
bariques de 500 livres,barriques de 500 livres,1,3,3
bariques en bouteilles,barriques en bouteilles,1,1,3
bariques en bouteilles ?,barriques en bouteilles,1,1,3
Bariques nantoises,barriques nantaises,1,1,1
Bariques poids de 1000 l,barriques poids de 1000 livres,1,1,1
bariquet,barriquets,1,1,1
Bariquues,barriques,1,1,5486
Barls,barils,1,1,7657
Barqiue,,1,2,166111
Barques,barques,1,1,1
Barraux,barreaux,1,5,17
barraux,barreaux,1,9,17
barre,,1,2,166111
barreaux,barreaux,1,3,17
Barres,barres,0,0,4
barres,barres,1,4,4
Barril,barils,1,6,7657
barril,barils,1,6,7657
Barril de 3,barils de 3,1,1,1
Barrile,barils,1,2,7657
Barriles,barils,1,2,7657
barriles,barils,1,7,7657
Barrilets,barillets,1,1,59
barrilets,barillets,1,1,59
barrilles,barillets,1,1,59
Barrillets,barillets,1,6,59
Barrils,barils,1,311,7657
barrils,barils,1,315,7657
Barrils de 450 feuilles,barils de 450 feuilles,1,2,43
barrils doubles,barils doubles,1,3,5
Barrils en saumure,barils en saumure,0,0,0
barrils gros,barils gros,1,1,3
Barrils ordinaires,barils ordinaires,1,1,1
Barrils petits,barils petits,1,5,62
barrils petits,barils petits,1,4,62
barrils simples,barils simples,1,1,1
Barrique,barriques,1,109,5486
barrique,barriques,1,49,5486
barrique et coffre,barriques et coffres,1,2,2
barrique et grand coffre,barriques et grands coffres,1,5,5
Barriquels,barriques,1,1,5486
Barriques,barriques,1,1053,5486
barriques,barriques,1,963,5486
barriques à 30 veltes,barriques à 30 veltes,1,1,1
Barriques en bottes,barriques en bottes,1,1,1
barriques et bouteilles,barriques en bouteilles,1,1,3
Barriques Grosses,barriques grosses,1,1,1
Barrrils,barils,1,1,7657
Barrriques,barriques,1,1,5486
basin double,basin double,1,1,1
bassin,bassins,1,1,3
bassines,bassines,1,1,1
Bassins,bassins,1,1,3
bassins,bassins,1,1,3
bateaux,bateaux,1,23,30
Batons,bâtons,0,0,2
batons,bâtons,1,2,2
Batteaux,bateaux,1,4,30
batteaux,bateaux,1,3,30
Battes,battes,1,1,1
Baucoud,boucaux,1,1,57
bautes,bouts,1,1,11
bazin,bazin,1,2,2
Bazique,bazique,1,1,1
beines,baines,1,1,2
bertilles,bertilles,1,1,1
bichets,bichets,1,1,1
biles,,1,1,166111
Billes,billes,1,3,19
billes,billes,1,16,19
billets,billets,1,1,1
billons,billons,1,3,3
bines,bines,1,1,1
birges,birges,1,1,1
Boete,boîtes,1,5,108
boete,boîtes,1,3,108
Boëte,boîtes,1,4,108
boëte,boîtes,1,1,108
boëte de 3 livres,boîtes de 3 livres,1,1,1
Boetes,boîtes,1,1,108
boetes,boîtes,1,10,108
Boétes,boîtes,1,1,108
Boëtes,boîtes,1,13,108
boëtes,boîtes,1,3,108
boets,,1,1,166111
Boëtte,boîtes,1,1,108
boettes,boîtes,1,3,108
boillaux,boisseau,1,6,1546
boinaux,boisseau,1,1,1546
boineaux,boisseau,1,4,1546
boinnaux,boisseau,1,1,1546
Boiseau,boisseau,1,1,1546
Boiseaux,boisseau,1,1,1546
boiseaux,boisseau,1,4,1546
boises,boîtes,1,1,108
Boissaux,boisseau,1,5,1546
boissaux,boisseau,1,1,1546
Boisseau,boisseau,1,88,1546
boisseau,boisseau,1,1,1546
Boisseauc,boisseau,1,1,1546
Boisseaux,boisseau,1,998,1546
boisseaux,boisseau,1,431,1546
boisseux,boisseau,1,1,1546
boistes,boîtes,1,1,108
Boite,boîtes,1,8,108
Boîte,boîtes,1,1,108
boîte,boîtes,1,2,108
Boïte,boîtes,1,2,108
Boites,boîtes,1,8,108
boites,boîtes,1,10,108
Boîtes,boîtes,1,20,108
boîtes,boîtes,1,9,108
Boitte,boîtes,1,1,108
boitures,voitures,1,1,23
Bolliches,bolliches,1,1,1
bondades,bondades,1,1,1
boneauds,boucaux,1,1,57
Bordage,bordage,1,1,1
borneaux,boisseau,1,1,1546
borraux,barraux,1,1,1
bote,bottes,1,1,337
botes,bottes,1,2,337
Botiches,botiches,1,3,7
botiches,botiches,1,2,7
Botiges,botiches,1,2,7
Botte,bottes,1,7,337
botte,bottes,1,4,337
Bottes,bottes,1,55,337
bottes,bottes,1,268,337
bottes à 68 veltes,bottes à 68 veltes,1,1,1
bouc,boucs,1,4,174
Boucaud,boucaux,1,1,57
boucaud,boucaux,1,1,57
boucaud et pipe,boucaux et pipes,1,5,5
Boucauds,boucaux,1,5,57
boucauds,boucaux,1,34,57
boucauls,boucaux,1,2,57
boucault,boucaux,1,2,57
Boucaults,boucaux,1,2,57
boucaults,boucaux,1,2,57
boucaut,boucaux,1,1,57
Boucautes,boucaux,1,1,57
Boucauts,boucaux,1,1,57
Boucaux,boucaux,1,1,57
boucaux,boucaux,1,2,57
boucs,boucs,1,164,174
Boueilles,bouteilles,1,1,2186
Boues,boucs,1,6,174
boules,boules,1,3,4
boulle,boules,1,1,4
Bourdillons,bourdillons,1,1,1
bourriques,bourriques,1,1,1
Bout,bout,1,1,1
Boutades,boutades,1,3,11
boutades,boutades,1,8,11
Bouteiles,bouteilles,1,3,2186
Bouteille,bouteilles,1,129,2186
bouteille,bouteilles,1,23,2186
Bouteilles,bouteilles,1,593,2186
bouteilles,bouteilles,1,1415,2186
bouteïlles,bouteilles,1,1,2186
Bouteilles + Muids + Pintes,bouteilles + muids + pintes,1,2,2
Bouteilles de peinte,bouteilles de pinte,1,1,4
Bouteilles de pinte,bouteilles de pinte,1,1,4
bouteilles de pinte,bouteilles de pinte,1,1,4
bouteilles de pintes,bouteilles de pinte,1,1,4
bouteills,bouteilles,1,1,2186
Bouteuilles,bouteilles,1,2,2186
bouteuilles,bouteilles,1,17,2186
bouteuilles ou le livres,bouteilles ou le livres,1,1,1
Bouts,bouts,1,9,11
bouts,bouts,1,1,11
Bouyeilles,bouteilles,1,1,2186
brails,barils,1,1,7657
brancard,brancard,1,1,1
braques,braques,1,1,1
brases,brasses,1,2,13
brasse,brasses,1,1,13
brassées,brassées,1,8,8
Brasser,basses,1,1,1
Brasses,brasses,1,10,13
brilles,brilles,1,1,1
Brin,brins,1,5,8
Brins,sixains,1,11,64
brins,brins,1,2,8
briz,,1,1,166111
Bruis,brins,1,1,8
bûches,,1,1,166111
cabarets,,1,1,166111
Cabas,cabas,1,1,25
cabas,cabas,1,24,25
cabats,,1,3,166111
cais,caisses,1,1,1047
caise,caisses,1,1,1047
caises,caisses,1,6,1047
Caisse,caisses,1,24,1047
caisse,caisses,1,82,1047
Caisses,caisses,1,223,1047
caisses,caisses,1,709,1047
caisses de 50 L,caisses de 50 L.,1,1,1
caisses ordinaires,caisses ordinaires,1,1,1
Caisson,caissons,1,1,92
Caissons,caissons,1,18,92
caissons,caissons,1,73,92
Canastres,canastre,1,2,2
canavette,canevettes,1,2,46
Canavettes,canevettes,1,6,46
canavettes,canevettes,1,19,46
canelle,cannelles,1,3,44
Canelles,cannelles,1,1,44
canelles,cannelles,1,31,44
Canes,canes,1,1,11
canes,canes,1,10,11
canette,cannettes,1,1,11
canettes,cannettes,1,5,11
Canevettes,canevettes,1,8,46
canevettes,canevettes,1,2,46
cannades,cannades,1,1,1
cannavettes,canevettes,1,2,46
canne,cannes,1,1,116
Cannées,cannées,1,1,1
cannelle,cannelles,1,1,44
cannelles,cannelles,1,8,44
Cannes,cannes,1,34,116
cannes,cannes,1,81,116
cannes en carré,cannes en carré,1,1,1
cannette,cannettes,1,1,11
Cannettes,cannettes,1,2,11
cannettes,cannettes,1,2,11
Cannevette,canevettes,1,1,46
cannevette,canevettes,1,1,46
Cannevettes,canevettes,1,1,46
cannevettes,canevettes,1,4,46
cap,caps,1,1,35
capes,caps,1,7,35
Caps,caps,1,4,35
caps,caps,1,23,35
caps de mesure,caps de mesure,1,1,1
caps grands,caps grands,1,1,1
caps petits,capes petits,1,2,2
Caques,caques,1,2,5
caques,caques,1,3,5
careaux,carreaux,1,1,39
Cargaison,cargaisons,1,1,2
cargaisons,cargaisons,1,1,2
carques,canques,1,1,1
Carraux,carreaux,1,1,39
carraux,carreaux,1,1,39
Carre,carre,1,1,1
Carreaux,carreaux,1,2,39
carreaux,carreaux,1,33,39
carteaux,carreaux,1,1,39
carteroles,caratello,1,1,1
cartes ?,cartes ?,1,1,1
cartier du pied de 480 livres,cartier du pied de 480 livres,1,1,1
Cartieres,cartieres,1,3,4
cartieres,cartieres,1,1,4
Cartons,cartons,1,6,6
cartroles,cartroles,1,1,1
Casernes,casernes,1,1,1
casse,caisses,1,1,1047
Castes,castes,1,1,1
cave,cave,1,1,15
cavelle,cavelles,1,2,14
cavelles,cavelles,1,12,14
Caves,cave,1,3,15
caves,cave,1,11,15
cavettes,cavettes,1,1,1
Cens,cent,1,35,197
cens,cent,1,3,197
Cent,cent,1,20,197
cent,cent,1,58,197
Cent au grand,cent au grand,1,1,1
Cent au grand compte,cent au grand compte,1,28,122
cent au grand compte,cent au grand compte,1,94,122
cent.,cent,1,7,197
Centaine,centaine,1,1,10
centaine,centaine,1,1,10
centaines,centaine,1,8,10
Cents,cent,1,25,197
cents,cent,1,49,197
cents au grand nombre,cent au grand nombre,1,1,1
cercles,cercles,1,10,10
chaises,chaises,1,4,4
Chaldes,chaldres,1,1,13
chaldes,chaldres,1,4,13
chaldon,chalon,1,1,2
Chaldres,chaldres,1,1,13
chaldres,chaldres,1,5,13
chalons,chalon,1,1,2
chanterice,chanterice,1,1,1
chapeau,chapeaux,1,1,83
Chapeaux,chapeaux,1,11,83
chapeaux,chapeaux,1,70,83
chapeaux ???,chapeaux,1,1,83
Char,chars,1,2,146
chardées,chardées,1,1,1
chardes,chaldres,1,1,13
Charetée,charretées,1,2,222
cHaretée,charretées,1,1,222
Charetées,charretées,1,2,222
charetées,charretées,1,21,222
charetes,charrettes,1,2,17
Charetés,charretées,1,2,222
charetés,charretées,1,3,222
charettées,charretées,1,2,222
Charettes,charrettes,1,2,17
charettes,charrettes,1,8,17
Charge,charges,1,118,3036
charge,charges,1,42,3036
charge de 300 livres,charge de 300 livres,1,34,34
charge de chenal,charge de chenal,1,1,2
charge de cheval,charge de chenal,1,1,2
chargées,chargées,1,1,1
Charges,charges,1,576,3036
charges,charges,1,2299,3036
charges ??,charges,1,1,3036
Chariot,chariots,1,2,20
chariot,chariots,1,1,20
Chariots,chariots,1,4,20
chariots,chariots,1,12,20
charreté,charretées,1,2,222
charretée,charretées,1,1,222
Charretées,charretées,1,5,222
charretées,charretées,1,122,222
charretes,charrettes,1,2,17
charretés,charretées,1,1,222
Charretier,charrettes,1,1,17
Charrette,charrettes,1,1,17
charrette,charrettes,1,1,17
Charrettée,charretées,1,2,222
Charrettées,charretées,1,2,222
charrettes,charretées,1,1,222
charriot,chariots,1,1,20
Chars,chars,1,21,146
chars,chars,1,121,146
charte,charte,1,2,2
charté,charretées,1,1,222
Chartée,charretées,1,3,222
chartée,charretées,1,2,222
Chartées,charretées,1,33,222
chartées,charretées,1,8,222
chartéle,chartils,1,1,2
chartéls,chartils,1,1,2
Chartés,charretées,1,2,222
chartés,charretées,1,3,222
chartiers,charretées,1,1,222
charts,chars,1,2,146
Chatores ??,chaldres,1,1,13
cheldes,cheldes,1,1,2
chevrier,chevrier,1,1,1
chipons de 300 livres,chipons de 300 livres,1,1,1
chopes,chopes,1,1,1
classer,classer,1,1,1
codes,rodes,1,1,71
Coffre,coffre,1,2,31
coffre,coffre,1,6,31
Coffres,coffre,1,3,31
coffres,coffre,1,20,31
coffrets,coffrets,1,1,1
Colis,colis,1,1,5
colis,colis,1,4,5
collé,collé,1,1,1
conques,conques,1,216,216
Corde,corde,1,5,77
corde,corde,1,3,77
Cordes,corde,1,22,77
cordes,corde,1,46,77
cordes ?,corde,1,1,77
Costes,cottes,1,1,39
Costés,cottes,1,1,39
Cotes,cottes,1,2,39
cotes,cottes,1,2,39
Cotés,cottes,1,1,39
cotés,cottes,1,3,39
côtés,cottes,1,1,39
Cotte,cottes,1,3,39
Cotté,cottes,1,2,39
Cottées,cottes,1,1,39
Cottes,cottes,1,14,39
cottes,cottes,1,6,39
Cottés,cottes,1,2,39
couffe,couffe,1,1,1
Coupe,coupes,1,1,35
coupe,coupes,1,1,35
Coupes,coupes,1,12,35
coupes,coupes,1,21,35
Couples,couples,1,1,3
couples,couples,1,2,3
couplette,,1,2,166111
coupon,coupons,1,1,26
Coupons,coupons,1,8,26
coupons,coupons,1,17,26
courbes,courbes,1,1,1
Croix,croix,1,1,2
croyes,croix,1,1,2
cruche,cruche,1,1,9
Cruches,cruche,1,4,9
cruches,cruche,1,4,9
Cruchons,cruchons,1,2,2
cubillons,cabillon,1,1,1
Cuirs,cuirs,0,0,0
da ?,da ?,1,1,1
Dame jannes,dame-jeannes,1,1,5
dame jeanne,dame-jeannes,1,1,5
damejannes,dame-jeannes,1,2,5
Damejeannes,dame-jeannes,1,1,5
de,de,1,4,4
decagramme,décagramme,1,1,1
décimètres,décimètres,1,13,13
demi baril,,1,1,166111
demi barique,demi barriques,1,1,7
demi barriques,demi barriques,1,3,7
Demi bouteilles,demi bouteilles,1,1,9
demi bouteilles,demi bouteilles,1,2,9
Demi caisses,demi caisses,0,0,19
demi caisses,demi caisses,1,6,19
Demi charge,demi charge,1,1,6
demi charge,demi charge,1,3,6
Demi cuirs,demi cuirs,0,0,1
demi Cuirs,demi cuirs,1,1,1
demi pièce,demi pièces,0,0,0
demi pieces,demi pièces,0,0,0
Demi pièces,demi pièces,0,0,0
demi pièces,demi pièces,0,0,0
demi tonneaux,demi tonneaux,1,1,1
demi-barils,,1,1,166111
demi-bariques,demi barriques,1,1,7
demi-caisses,demi caisses,1,8,19
Demi-pipe,demi pipe,1,1,1
Demibarique,demi barriques,1,1,7
demie,demie,0,0,0
demie bouteilles,demi bouteilles,1,3,9
Demie charge,demie charge,1,1,4
demie charge,demie charge,1,3,4
demie pièces,demi pièces,0,0,0
Demiepièce,demi pièces,0,0,0
Demies,demie,0,0,0
demies,demie,0,0,0
demies bottes,demi bottes,1,1,2
Demies bouteilles,demi bouteilles,1,1,9
demies caisses,demi caisses,1,5,19
demy,demi,0,0,0
Demy bariques,demi barriques,1,1,7
demy bottes,demi bottes,1,1,2
demy bouteilles,demi bouteilles,1,1,9
Demy bouteuilles,demi bouteilles,1,1,9
demy charge,demi charge,1,2,6
Demy cuirs,demi cuirs,0,0,1
Demy pièce,demi pièces,0,0,0
demy pieces,demi pièces,0,0,0
Demy pièces,demi pièces,0,0,0
demycs,demycs,0,0,0
denniers ?,deniers ?,1,1,1
devants,devants,1,2,2
dierons ?,dierons ?,1,1,1
domaines,domaines,1,1,1
données ?,données ?,1,1,1
double,double,0,0,0
doubles,double,0,0,0
doubles cavelles,doubles cavelles,1,1,1
doublures,doublures,1,1,1
Douelle,,1,4,166111
douelle,,1,8,166111
douelles,,1,15,166111
dourgs,dourgs,1,1,1
dousaines,douzaine,1,9,11478
douz,douzaine,1,23,11478
Douzaine,douzaine,1,559,11478
douzaine,douzaine,1,405,11478
Douzaine de paires,douzaine de paires,1,3,112
douzaine de paires,douzaine de paires,1,4,112
Douzaine de pairres,douzaine de paires,1,1,112
Douzaines,douzaine,1,3261,11478
douzaines,douzaine,1,7221,11478
Douzaines de boëtes,douzaine de boëtes,1,2,2
douzaines de fioles,douzaine de fioles,1,2,4
Douzaines de fiolles,douzaine de fioles,1,2,4
Douzaines de Paires,douzaine de paires,1,6,112
Douzaines de paires,douzaine de paires,1,40,112
douzaines de paires,douzaine de paires,1,57,112
douzaines de pairs,douzaine de paires,1,1,112
douzaines doublées,douzaines doublées,1,1,1
douzaines simples,douzaines simples,1,1,1
Droits,droits,1,13,13
drugnes,drugnes,1,1,1
duttes,juttes,1,1,1
E',E',1,1,1
ecuelles,écuelles,1,2,2
Emines,émines,1,1,6
emines,émines,1,5,6
En,en,1,1,3
en,en,1,2,3
en 5,en 5,1,1,1
en argent,en argent,1,1,1
en Bouteille,en bouteille,1,1,1
en Centaine,en centaine,1,1,1
en feuilles,en feuilles,1,1,1
en milliers,en milliers,1,4,4
EN nombre,en nombre,1,1,19525
En nombre,en nombre,1,2844,19525
en nombre,en nombre,1,16436,19525
en nombres,en nombre,1,242,19525
Encres,encres,1,1,1
entier,entiers,0,0,0
Entiers,entiers,0,0,0
estiée,estimé,1,1,352
Estimation,estimation,1,2,8
estimation,estimation,1,6,8
Estimé,estimé,1,17,352
estimé,estimé,1,53,352
Estimée,estimé,1,5,352
estimée,estimé,1,42,352
Estimées,estimé,1,35,352
estimées,estimé,1,123,352
estimer,estimé,1,1,352
estimes,estimé,1,1,352
Estimés,estimé,1,9,352
estimés,estimé,1,62,352
Estimez,estimé,1,1,352
estuimées,estimé,1,1,352
facon,flacon,1,1,178
facs,facs,1,1,1
Fagot,fagots,1,1,13
Fagots,fagots,1,2,13
fagots,fagots,1,10,13
Fais,faix,1,1,294
fais,faix,1,5,294
FAIX,faix,1,1,294
Faix,faix,1,66,294
faix,faix,1,219,294
fanegues,fanègues,1,21,27
faneques,fanègues,1,2,27
fanèques,fanègues,1,1,27
Fanigues,fanègues,1,1,27
fannegues,fanègues,1,1,27
fannes,fannes,1,1,2
fanons,fanons,1,1,1
fanques,fanègues,1,1,27
faqunir,frequins,1,1,1
fardeaux,fardeaux,1,1,1
fartraux,fartraux,1,1,1
FAUX,fau,1,1,1
feittots?,feittots,1,1,1
feix,faix,1,1,294
ferquins,ferquins,1,1,1
fés,fés,1,1,1
Feuillards,feuillards,1,1,2
feuillards,feuillards,1,1,2
Feuille,feuille,1,4,179
Feuilles,feuille,1,49,179
feuilles,feuille,1,117,179
Feuïlles,feuille,1,2,179
Feüilles,feuille,1,2,179
feüilles,feuille,1,4,179
feuilles doubles,feuille double,1,1,1
feuilles simples,feuille simple,1,2,2
feuillet,feuillet,1,2,4
Feuilletes,feuillette,1,1,9
Feuillets,feuillet,1,1,4
Feüillets,feuillet,1,1,4
Feuillette,feuillette,1,1,9
feuillettes,feuillette,1,7,9
feuillures,,1,1,166111
Fez,fez,1,1,3
fez,fez,1,2,3
Fils,fils,1,1,1
Fiole,fioles,1,2,71
fiole,fioles,1,2,71
Fioles,fioles,1,14,71
fioles,fioles,1,20,71
Fiolle,fioles,1,1,71
fiolle,fioles,1,1,71
Fiolles,fioles,1,18,71
fiolles,fioles,1,8,71
fiottes,fioles,1,3,71
Flacon,flacon,1,6,178
flacon,flacon,1,8,178
Flacons,flacon,1,71,178
flacons,flacon,1,92,178
fleuilles,feuille,1,1,179
Fluttes,flûtes,1,3,5
fluttes,flûtes,1,2,5
Foncailles,fonçailles,0,0,0
foures,fouves,1,1,3
Fourneaux,fourneaux,1,1,2
fourneaux,fourneaux,1,1,2
fourniere,,1,1,166111
Fourniture,fournitures,1,28,121
Fournitures,fournitures,1,41,121
fournitures,fournitures,1,52,121
fourrures,,1,1,166111
Fours,fours,1,2,18
fours,fours,1,16,18
fouves,fouves,1,2,3
francs,francs,1,77,77
fraques ?????,fraques ?????,1,1,1
frequier,frequier,1,1,5
frequiers,frequier,1,2,5
fréquiers,frequier,1,1,5
frequies,frequier,1,1,5
frequin,frequin,1,2,55
fréquin,frequin,1,1,55
Frequins,frequin,1,7,55
frequins,frequin,1,38,55
fréquins,frequin,1,6,55
frequiur,frequin,1,1,55
Fres,fres,1,1,1
funnes,fannes,1,1,2
fusils,fusils,0,0,0
Futaille,futailles,1,2,56
futaille,futailles,1,1,56
Futailles,futailles,1,11,56
futailles,futailles,1,42,56
futailles 500 L,futailles de 500 L,1,1,1
Futes,futs,1,1,3
futs,futs,1,1,3
fûts,futs,1,1,3
garbes,garbes,1,1,1
Garniture,garnitures,1,5,45
Garnitures,garnitures,1,16,45
garnitures,garnitures,1,24,45
gennes ?,gennes ?,1,1,1
gerbes,gerbes,1,2,2
Gets,jets,1,1,12
gets,jets,1,2,12
Gommes,gommes,1,5,5
gones,gonnes,1,1,32
Gonne,gonnes,1,5,32
Gonnes,gonnes,1,5,32
gonnes,gonnes,1,20,32
Gosses,grosses,1,1,1441
gounes ?,gonnes,1,1,32
Gousses,gousses,1,1,1
Grains,grains,1,1,1
grains,,1,1,166111
gramme,gramme,1,105,105
Grammes,grammes,1,5,5
grand compte,au grand compte,1,1,1
grander,grande,1,1,9
grandes,grande,1,8,9
grandes caisses,grande caisse,1,3,3
Grandes Pièces,grande pièce,1,1,1
grandeurs,grandeurs,1,1,1
grandeurs diverses,grandeurs diverses,1,1,1
grands,grands,1,6,6
grands pièces,grands pièces,1,1,1
Greniers,grenier,1,2,5
greniers,grenier,1,1,5
Grenies,grenier,1,1,5
Grennier,grenier,1,1,5
groffe,grosses,1,1,1441
Gropes,grosses,1,1,1441
Gros,gros,1,2,2
gros baril,barils gros,1,1,3
gros barils,barlis gros,1,2,2
gros flacons,gros flacons,1,1,1
grose,grosses,1,1,1441
groses,grosses,1,15,1441
groses pieces,grosses pièces,1,1,1
Grosse,grosses,1,44,1441
grosse,grosses,1,36,1441
Grosses,grosses,1,416,1441
grosses,grosses,1,917,1441
grossés,grosses,1,1,1441
Grosses bariques,grosses barriques,1,4,6
Grosses barriques,grosses barriques,1,2,6
Grosses paires,grosses paires,1,1,1
Grosses pipes,grosses pipes,1,1,1
Grossess,grosses,1,8,1441
grosseur,grosseur,1,2,2
grots,pots,1,1,1610
guindeau,guindeau,1,1,1
halles,halles,1,1,1
hambonoy,hambourg,1,1,10
Hambourg,hambourg,1,2,10
hambourge de 2 Barils,hambourg de 2 barils,1,4,4
Hambourgs,hambourg,1,2,10
hambourgs,hambourg,1,4,10
Hambourss,hambourg,1,1,10
hectogrammes,hectogrammes,1,18,18
hectolitre,hectolitres,1,12,909
Hectolitres,hectolitres,1,93,909
hectolitres,hectolitres,1,804,909
Houlle,Houlle,1,1,1
huitième,huitièmes,1,1,2
huitièmes,huitièmes,1,1,2
hume,hume,1,1,1
iss?,issarions,1,1,2
issarions,issarions,1,1,2
Jarres,jarres,1,4,12
jarres,jarres,1,8,12
Jates,jattes,1,1,5
jattes,jattes,1,4,5
Jet,jets,1,1,12
Jets,jets,1,4,12
jets,jets,1,2,12
jetz,jets,1,2,12
justes,justes,1,2,2
Jutes,jutes,1,1,16
jutes,jutes,1,5,16
juttes,jutes,1,10,16
kg,kilogrammes,1,4677,12230
Kilo,kilogrammes,1,2121,12230
kilogramme,kilogrammes,1,10,12230
kilogrammes,kilogrammes,1,5422,12230
kilogrammes de l'étranger,kilogrammes de l'étranger,1,11,11
kilogrammes des colonies françaises,kilogrammes des colonies françaises,1,1,1
l,l,1,2,2
L'aune,aune,1,1,1
la livres,livre,1,1,1
laes,last,1,3,144
laest,last,1,3,144
Laëst,last,1,1,144
laëst,last,1,3,144
laësts,last,1,2,144
Laines,laines,1,1,1
lardons,,1,1,166111
lase,last,1,1,144
last,last,1,20,144
laste,last,1,1,144
Lastes,last,1,2,144
lats,last,1,14,144
Latz,last,1,3,144
Le cent,le cent,1,1,32
le cent,le cent,1,31,32
le mille,le mille,1,1,1
le pied cube,le pied cube,1,8,8
le reste,le reste,1,3,3
les 180 livres,les 180 livres,1,9,9
lest,last,1,2,144
leth,last,1,2,144
leth*,last,1,1,144
Leths,last,1,4,144
leths,last,1,38,144
Lethz,last,1,4,144
lethz,last,1,3,144
Lets,last,1,8,144
lets,last,1,8,144
lettes,,1,1,166111
Letz,last,1,6,144
letz,last,1,14,144
lez,last,1,1,144
li,livres,1,1,253977
Liens,liens,1,2,2
liivres,livres,1,2,253977
lingots,lingots,1,1,1
litre,litres,1,112,350
litres,litres,1,238,350
Livre,livres,1,5278,253977
livre,livres,1,1210,253977
Livre poids,livres,1,109,253977
livre poids,livres,1,29,253977
LIvres,livres,1,50,253977
Livres,livres,1,71982,253977
livres,livres,1,175306,253977
livres [pesant],livres,1,3,253977
livres en bouteilles,,1,1,166111
livres ou pieces,livres ou pièces,1,1,1
livres poids,livres,1,1,253977
livres0,,1,1,166111
livrets,livrets,1,1,1
Livrres,livres,1,1,253977
lli,livres,1,1,253977
llivres,livres,1,1,253977
lmi,livres,1,1,253977
lmiliers,milliers,1,1,2503
loirdin,lordins,1,1,16
Loirdins,lordins,1,1,16
loirdins,lordins,1,11,16
lordins,lordins,1,3,16
lots de 6 flacons,lots de 6 flacons,1,1,1
lots de 9 flacons,lots de 9 flacons,1,1,1
lpiè,pièces,1,1,26330
lui,livres,1,1,253977
machines,,1,1,166111
madriers,,1,2,166111
madures,madures,1,1,1
main,main,1,1,5
Mains,main,1,2,5
mains,main,1,2,5
mairrains,,1,2,166111
Male,malles,1,1,40
male,malles,1,1,40
Males,malles,1,2,40
males,malles,1,5,40
Malle,malles,1,1,40
malle,malles,1,3,40
Malles,malles,1,6,40
malles,malles,1,20,40
Manades,manades,1,1,2
mandel,mandes,1,3,3
mane,mannes,1,3,59
Manes,mannes,1,6,59
manes,mannes,1,2,59
Mannes,mannes,1,7,59
mannes,mannes,1,41,59
MARC,marcs,1,1,702
Marc,marcs,1,33,702
marc,marcs,1,17,702
Marca,marcs,1,1,702
Marces,marcs,1,1,702
Marcqs,marcs,1,1,702
Marcs,marcs,1,161,702
marcs,marcs,1,486,702
marcs 7 onces,marcs 7 onces,1,1,1
marcs de Paris,marcs de Paris,1,1,1
Mard,marcs,1,1,702
mare ?,mare ?,1,1,1
mares,mares,1,1,1
mases,masses,1,1,56
Masses,masses,1,6,56
masses,masses,1,49,56
merrains,,1,1,166111
Mesure,mesures,1,2,158
mesure,mesures,1,3,158
mesurer,mesures,1,1,158
Mesures,mesures,1,16,158
mesures,mesures,1,136,158
mètre,mètre,1,32,122
mètres,mètre,1,90,122
Meules,meules,1,1,5
meules,meules,1,2,5
Meulles,meules,1,2,5
Migeres,migères,1,3,6
migères,migères,1,3,6
mil,milliers,1,4,2503
miliers,milliers,1,21,2503
mille,mille,1,7,7
mille rolles,milleroles,1,1,2349
milleiers,milliers,1,1,2503
Milleroles,milleroles,1,311,2349
milleroles,milleroles,1,1391,2349
Millerolle,milleroles,1,6,2349
millerolle,milleroles,1,2,2349
Millerolles,milleroles,1,251,2349
millerolles,milleroles,1,384,2349
Millers,milliers,1,3,2503
millers,milliers,1,5,2503
Milles,milliers,1,5,2503
milles,milliers,0,0,2503
Millier,milliers,1,179,2503
millier,milliers,1,27,2503
millieroles,milleroles,1,1,2349
MIlliers,milliers,1,1,2503
Milliers,milliers,1,761,2503
milliers,milliers,1,1488,2503
milliers au grand compte,milliers au grand compte,1,92,92
Milliers de faix,milliers de faix,1,1,1
milliers en nombre,milliers en nombre,1,8,8
millleroles,milleroles,1,1,2349
millliers,milliers,1,2,2503
mils,milliers,1,3,2503
mine,mines,1,1,48
Mines,mines,1,23,48
mines,mines,1,24,48
minguettes,,1,1,166111
minos,minots,1,1,25
minotes,minots,1,1,25
Minots,minots,1,7,25
minots,minots,1,16,25
mli,milliers,1,2,2503
mogesne,moyenne,1,1,4
Molles,molles,1,1,1
monades,manades,1,1,2
monds,monds,1,38,38
mont,mont,1,1,62
Monts,mont,1,20,62
monts,mont,1,38,62
Monts ?,mont,1,3,62
Morceaux,morceaux,1,2,11
morcEaux,morceaux,1,1,11
morceaux,morceaux,1,8,11
Mortiers,mortiers,1,1,1
mottes,mottes,1,2,2
moute,moutte,1,2,3
mouts,mouts,1,1,1
mouttes,moutte,1,1,3
movres,movres,1,1,1
moyenes,moyenne,1,1,4
moyenne pièces,moyenne pièces,1,1,1
moyennes,moyenne,1,2,4
Muid,muids,1,227,4800
muid,muids,1,112,4800
muid de 120 livres,muid de 120 livres,1,8,8
"muid de 62,5 pintes","muid de 62,5 pintes",1,24,24
muides,muids,1,14,4800
Muids,muids,1,1150,4800
muids,muids,1,3296,4800
Muids + pintes et bouteilles,muids + pintes et bouteilles,1,25,25
Muids + Septiers,muids + septiers,1,1,1
Muids + Septiers + Minots,muids + septiers + minots,1,4,4
Muids + Septiers + Minots + boisseau,muids + septiers + minots + boisseau,1,1,1
Muids de Comté,muids de Comté,1,1,1
Muids de Paris,muids de Paris,1,6,6
muids du Poulinguen,muids du Poulinguen,1,1,1
muids en bouteilles,muids en bouteilles,1,3,3
muids encerclés,muids encerclés,1,4,4
Muids le demy,muids le demi,1,1,1
muids ordinaires,muids ordinaires,1,1,1
muidss,muids,1,1,4800
mulle,malles,1,1,40
mulleroles,milleroles,1,1,2349
mur,onces,1,1,182
Nb,nombre,1,1,11420
nicasses,niasses,1,1,1
noisseaux,boisseau,1,1,1546
Nom,en nombre,1,1,19525
nom,nombre,1,1,11420
Nomb re,nombre,1,1,11420
nombne,nombre,1,1,11420
Nombre,nombre,1,4372,11420
nombre,nombre,1,5808,11420
Nombres,nombre,1,1160,11420
nombres,nombre,1,42,11420
Nombres?,nombre,1,1,11420
nuliers ?,nuliers ?,1,1,1
oedinaire,ordinaire,0,0,0
Once,onces,1,3,182
once,onces,1,2,182
Onces,onces,1,56,182
onces,onces,1,120,182
onces estimées,onces estimées,1,1,1
ordinaires,ordinaire,0,0,0
outres,outres,1,2,2
ouvrée,ouvrée,1,1,1
Pacquet,paquets,1,10,456
pacquet,paquets,1,2,456
Pacquets,paquets,1,2,456
pacquets,paquets,1,26,456
pacquets (de 1000),paquets de 1000,1,1,1
pagniers,paniers,1,1,344
Pains,pains,1,10,48
pains,pains,1,38,48
pair,paires,1,2,3106
Paire,paires,1,127,3106
paire,paires,1,55,3106
Paires,paires,1,901,3106
paires,paires,1,1975,3106
Païres,paires,1,1,3106
paires petites,paires petites,1,1,1
Pairs,paires,1,2,3106
pairs,paires,1,41,3106
pales,poêles,1,1,1
palles,palles,1,1,1
palme,palme,1,2,2
palmes,palmes,1,2,2
Pamiers,paniers,1,5,344
Panal,pot,1,1,1
panal,panal,1,1,1
panaux,panneaux,1,3,8
paneaux,panneaux,1,1,8
panes,pans,1,2,14
panicons,paniers,1,1,344
Panier,paniers,1,13,344
panier,paniers,1,12,344
Paniers,paniers,1,57,344
paniers,paniers,1,236,344
Panneaux,panneaux,1,2,8
panneaux,panneaux,1,2,8
Pannier,paniers,1,2,344
pannier,paniers,1,1,344
Panniers,paniers,1,5,344
panniers,paniers,1,11,344
Pans,pans,1,1,14
pans,pans,1,11,14
paque,paquets,1,2,456
paqué,paquets,1,1,456
PAQUET,paquets,1,1,456
Paquet,paquets,1,12,456
paquet,paquets,1,22,456
paquete,,1,1,166111
Paquets,paquets,1,81,456
paquets,paquets,1,297,456
Paquets 100 faix,paquets 100 faix,1,1,1
paquets estimés,paquets estimés,1,1,1
Par cube,par cube,1,1,1
pasqus,pasgas,1,1,1
Pattes,pattes,1,1,1
patz,patz,1,1,1
paumes,paumes,1,3,3
paumettes,,1,1,166111
peintes,peintes,1,1,1
Pelaux,pelaux,1,1,2
pelaux,pelaux,1,1,2
pelotons,petoltons,1,1,1
pesant,pesant,1,1,1
Petit balot,petit ballot,1,1,1
Petit baril,barils petits,1,1,62
petit baril,barils petits,1,3,62
Petit sac,petit sac,1,1,1
petite,petits,1,2,24
Petite caisse,petite caisse,1,1,2
petite caisse,petite caisse,1,1,2
petite pièces,petite pièces,1,1,1
petites,petits,1,6,24
petites barils,barils petits,1,1,62
petites bouteilles,petites bouteilles,1,2,2
Petites caisses,petites caisses,1,1,3
petites caisses,petites caisses,1,2,3
Petites cruches,petites cruches,1,1,1
Petits,petits,1,1,24
petits,petits,1,15,24
petits barils,barils petits,1,29,62
Petits barrils,barils petits,1,4,62
petits barrils,barils petits,1,2,62
petits paniers,paniers petits,1,1,1
pezam,pezant,1,1,3
Pezant,pezant,1,2,3
Phioles,fioles,1,2,71
PI,pièces,1,1,26330
Piaires,paires,1,1,3106
Piè,pièces,1,1,26330
piè,pièces,1,4,26330
Piece,pièces,1,5,26330
piece,pièces,1,328,26330
piéce,pièces,1,5,26330
Pièce,pièces,1,1727,26330
pièce,pièces,1,333,26330
Pièce double,pièce double,1,1,1
Pieces,pièces,1,2004,26330
pieces,pièces,1,2105,26330
Piéces,pièces,1,1,26330
piéces,pièces,1,61,26330
PIèces,pièces,1,151,26330
Pièces,pièces,1,4535,26330
pièces,pièces,1,15048,26330
pîeces,pièces,1,1,26330
Pièces estimées,pièces,1,4,26330
Pièces grosses,pièces grosses,1,1,1
Pièces pour barriques,pièces pour barriques,1,1,1
Piècs,pièces,1,1,26330
piècs,pièces,1,1,26330
Piècves,pièces,1,1,26330
Pied,pieds,1,3,213
pied,pieds,1,4,213
Pieds,pieds,1,32,213
pieds,pieds,1,174,213
Pieds courants,pieds courants,1,1,1
Pieds cubes,pieds cubes,1,3,21
pieds cubes,pieds cubes,1,18,21
Pieriers,Pieriers,1,2,2
Pierre,pierre,1,1,8
pierre,pierre,1,3,8
Pierres,pierre,0,0,8
pierres,pierre,1,4,8
Pieu,pièces,1,1,26330
pilan,pilan,1,1,1
pinçons,poinçons,1,4,264
Pinte,pintes,1,5,812
pinte,pintes,1,150,812
Pintes,pintes,1,221,812
pintes,pintes,1,435,812
Pipe,pipe,1,7,380
pipe,pipe,1,6,380
Pipes,pipe,1,61,380
pipes,pipe,1,305,380
pipes de 2 bariques,pipe de 2 barriques,1,1,1
Pipes ordinaires,pipe ordinaire,1,1,1
pipet,pipe,1,1,380
pipettes,pipettes,1,1,1
pipots,pipot,1,11,11
piques,,1,1,166111
pites,pintes,1,1,812
planches,planches,1,5,5
Plateaux,plateaux,1,1,1
pliures,pliures,1,1,1
pnier,panier,1,1,1
Pochées,pochées,1,11,11
pochées,poches,1,2,5
Poches,poches,1,2,5
poches,poches,1,1,5
Poenion,poinçons,1,1,264
Pognées,pognées,1,1,1
poiçons,poinçons,1,1,264
poids,poids,1,3,3
poigné,poignées,1,5,61
Poignée,poignées,1,6,61
Poignées,poignées,1,17,61
poignées,poignées,1,32,61
Poignés,poignées,1,1,61
Poincon,poinçons,1,2,264
poincon,poinçons,1,1,264
Poinçon,poinçons,1,3,264
poinçon,poinçons,1,8,264
Poincons,poinçons,1,4,264
poincons,poinçons,1,3,264
Poinçons,poinçons,1,37,264
poinçons,poinçons,1,199,264
poinEau,poinçons,1,1,264
poires,paires,1,1,3106
Poisseaux,boisseaux,1,1,1
Pors,pots,1,1,1610
postes,postes,1,1,1
postiches petites,potiches petites,1,1,1
Pot,pots,1,28,1610
pot,pots,1,15,1610
potiches,potiches,1,19,19
Pots,pots,1,581,1610
pots,pots,1,984,1610
poulets,poulets,0,0,0
pour cent,pour cent,1,1,1
pouteries,poutrelles,1,1,1
poutres,poutre,1,2,2
Prises,prises,1,1,4
prises,prises,1,3,4
qartuers,,1,1,166111
quares,quart,1,1,100
quars,,1,1,166111
quars de Barils,quart de barils,1,1,1
Quart,quart,1,85,100
quart,quart,1,14,100
quart de charge,quart de charge,1,1,1
Quarteaux,quartaut,1,2,8
quarteaux,quartaut,1,6,8
quarter,,1,1,166111
Quartier,quartiers,1,1,58
quartier,quartiers,1,2,58
Quartieres,quartiers,1,4,58
quartieres,quartiers,1,2,58
Quartiers,quartiers,1,28,58
quartiers,quartiers,1,21,58
Quartiers mesure de Blaye,quartiers mesure de blaye,1,3,3
quartillons,cabillons,1,1,1
Quarts,quarts,1,247,472
quarts,quarts,1,224,472
Quarts??,quarts,1,1,472
Queue,queues,1,1,9
Queues,queues,1,3,9
queues,queues,1,5,9
quiconir,quiconir,1,1,1
quinal,quintal,1,1,2800
quinquets,quinquets,1,1,1
Quintal,quintal,1,817,2800
quintal,quintal,1,1982,2800
Quintaux,quintaux,1,427,14791
quintaux,quintaux,1,14362,14791
quintaux de Saint-Domingue,quintaux de Saint-Domingue,1,1,1
quintaux des colonies françaises,quintaux des colonies françaises,1,4,4
quintaux métriques,quintaux métriques,1,7,7
Quinteaux,quintaux,1,2,14791
quints,quints,1,2,2
radeaux,radeaux,1,1,1
Rame,rames,1,26,2148
rame,rames,1,109,2148
rame ou aunes,rame ou aunes,1,1,1
Rames,rames,1,563,2148
rames,rames,1,1450,2148
Rapé,râpé,1,1,1
rasières,rasières,1,1,56
Raziere,rasières,1,2,56
Razière,rasières,1,1,56
Razieres,rasières,1,4,56
razieres,rasières,1,1,56
Razières,rasières,1,2,56
razières,rasières,1,45,56
rest.,rets,1,2,6
rets,rets,1,2,6
retz,rets,1,2,6
robes,robes,1,4,4
rode,rodes,1,1,71
roder,rodes,1,1,71
rodes,rodes,1,66,71
rodes ?,rodes,1,1,71
rodes ???,rodes,1,1,71
Rolle,rolle,1,1,1
Rondelles,rondelles,1,1,1
rouleau,rouleaux,1,3,68
Rouleaux,rouleaux,1,3,68
rouleaux,rouleaux,1,60,68
ruleaux,rouleaux,1,2,68
Sac,sacs,1,7,225
sac,sacs,1,1,225
Sack,,1,1,166111
Sacs,sacs,1,46,225
sacs,sacs,1,167,225
sacs à proportion du poids,,1,1,166111
Sacs de 2800 boisseaux,sacs de 2800 boisseaux,1,1,1
sacs petits,sacs petits,1,1,1
saix,faix,1,1,294
sanegues,sanegues,1,2,2
sannées,sannées,1,1,1
Saumes,saumes,1,3,3
Saur,saur,1,1,1
Saus,sacs,1,4,225
seaux,seaux,1,1,1
Secheldes,cheldes,1,1,2
selles,selles,1,1,1
sennes,sennes,0,0,0
Septier,setiers,1,9,170
septier,setiers,1,7,170
Septiers,setiers,1,30,170
septiers,setiers,1,66,170
septires,setiers,1,1,170
serges,serges,1,1,1
sergiers,services,1,1,27
service,services,1,2,27
Services,services,1,10,27
services,services,1,14,27
Serviettes,serviettes,0,0,0
Setiers,setiers,1,3,170
setiers,setiers,1,44,170
setiés,setiers,1,1,170
settier,setiers,1,1,170
Settiers,setiers,1,5,170
settiers,setiers,1,3,170
Sixain,sixains,1,1,64
Sixaine,sixains,1,1,64
Sixaines,sixains,1,4,64
sixaines,sixains,1,14,64
Sixains,sixains,1,11,64
sixains,sixains,1,7,64
sixieme de baril,sixième de baril,1,1,1
sixtaines,sixains,1,4,64
sizaines,sixains,1,1,64
sizains,sixains,1,10,64
Somme,somme,1,1,9
sommée,sommées,1,1,11
Sommées,sommées,1,2,11
sommées,sommées,1,8,11
Sommes,somme,1,4,9
sommes,somme,1,4,9
sommiers,sommiers,1,7,7
sors,sors,1,1,1
sortes,sortes,1,1,1
soue,sous,1,1,2
Sous,sous,1,1,2
stère,stères,1,16,42
stères,stères,1,26,42
stimées,estimé,1,1,352
stoc,livres,1,1,253977
taille petit,taille petit,1,1,1
taques ?,taques ?,1,1,1
Tarsonde,tierçons,1,1,578
Tasses,tasses,1,1,13
tasses,tasses,1,12,13
Taupettes,topettes,1,4,7
Teinture,teintures,0,0,0
teintures,teintures,0,0,0
testes,têtes,0,0,0
thonnaux,tonneaux,1,3,5959
thonneau,tonneaux,1,4,5959
Thonneaux,tonneaux,1,28,5959
thonneaux,tonneaux,1,13,5959
tierçns,tierçons,1,2,578
TIERCON,tierçons,1,1,578
Tiercon,tierçons,1,3,578
tiercon,tierçons,1,17,578
Tierçon,tierçons,1,48,578
tierçon,tierçons,1,26,578
Tiercone,tierçons,1,1,578
Tiercons,tierçons,1,7,578
tiercons,tierçons,1,67,578
Tierçons,tierçons,1,171,578
tierçons,tierçons,1,226,578
tiercons et demy,tierçons et demi,1,1,1
Tiercours,tierçons,1,2,578
Tiercous,tierçons,1,2,578
Tierions,tierçons,1,1,578
tierions ?,tierçons,1,1,578
tiers,tiers,1,1,1
Tiersous,tierçons,1,2,578
timbre,timbres,1,1,23
Timbres,timbres,1,3,23
timbres,timbres,1,19,23
Times,tinnes,1,1,2
Timpettes,timpettes,1,1,1
tinéa,tinéa,1,1,1
tinettes,tinettes,1,1,1
tinnes,tinnes,1,1,2
Toises,toises,1,8,40
toises,toises,1,32,40
Toisons,toisons,1,1,1
Tomes,tomes,1,1,3
tomes,tomes,1,2,3
Tommes,tommes,1,1,2
tommes,tommes,1,1,2
tonaux,tonneaux,1,6,5959
toneaux,tonneaux,1,1,5959
Tones?,tones,1,1,1
tonnaux,tonneaux,1,1,5959
Tonne,tonne,1,6,117
tonne,tonne,1,9,117
Tonneau,tonneaux,1,566,5959
tonneau,tonneaux,1,20,5959
Tonneaux,tonneaux,1,2827,5959
tonneaux,tonneaux,1,2488,5959
Tonneaux a 20 qu,tonneaux a 20 quarts,1,1,1
tonneaux de 2000 livres,tonneaux de 2000 livres,1,1,1
Tonneaux de 5250 livres,tonneaux de 5250 livres,1,1,1
Tonneaux de haut,tonneaux de haut,1,1,1
Tonneaux de ville,tonneaux de ville,1,1,1
tonneaux fonds,tonneaux fonds,1,1,1
Tonneaux?,tonneaux,1,1,5959
Tonnes,tonne,1,26,117
tonnes,tonne,1,76,117
tonneux,tonneaux,1,1,5959
topettes,topettes,1,1,7
Torche,torches,1,3,9
Torches,torches,1,3,9
torches,torches,1,2,9
Touches,torches,1,1,9
Toupette,topettes,1,1,7
Toyette?,topettes,1,1,7
Tracques,traques,1,2,265
Traque,traques,1,5,265
traque,traques,1,12,265
Traques,traques,1,64,265
traques,traques,1,182,265
Treilles,treilles,1,1,2
treittes,treilles,1,1,2
unité,unité,1,8,8
Unités,nombre,1,2,11420
unités,nombre,1,31,11420
urnes,urnes,1,1,1
val,valeur,1,1,71
valeur,valeur,1,19,71
valeurs,valeur,1,51,71
vals,vals,1,1,1
varres,varres,1,1,1
Vbarils,barils,1,1,7657
vbarils,barils,1,1,7657
veaux,veaux,1,1,1
velles,veltes,1,1,941
Velte,veltes,1,110,941
velte,veltes,1,14,941
Veltes,veltes,1,346,941
veltes,veltes,1,469,941
Veltes le demi,veltes le demi,1,1,1
veltres,veltes,1,1,941
Verges,verges,1,45,68
verges,verges,1,23,68
verres,verres,1,2,2
vie?,pièces,1,1,26330
vieux?,pièces,1,1,26330
Vivants,vivants,1,1,1
vogue,vogues,0,0,1
vogues,vogues,1,1,1
voiture,voitures,1,1,23
Voitures,voitures,1,1,23
voitures,voitures,1,20,23
vollilles,vollilles,1,1,1
voyes,voyes,1,2,2
W,w,1,2,2
wagons,wagons,1,8,8
yunes,yunes,1,1,1
