line_number,source_type,year,customs_region,customs_office,partner,export_import,product,origin,width_in_line,value,value_part_of_bundle,quantity,quantity_unit,value_per_unit,filepath,source,sheet,value_total,value_sub_total_1,value_sub_total_2,value_sub_total_3,data_collector,unverified,remarks,value_minus_unit_val_x_qty,absurd_observation,trade_deficit,trade_surplus,duty_quantity,duty_quantity_unit,duty_by_unit,duty_total,duty_part_of_bundle,duty_remarks
1,Local,1764,Bordeaux,,Angleterre,Imports,Boeuf salé,,,49475.9,,494759,livres,0.1,sources/Local/AD33_C4390_Bordeaux_Imports_1764.csv,AD33 C4390,1,,,,,Teklia-Jules Oudot,,,0,,,,,,,,,
2,Local,1764,Bordeaux,,Angleterre,Imports,Beurre,,,317282.8,,793207,livres,0.4,sources/Local/AD33_C4390_Bordeaux_Imports_1764.csv,AD33 C4390,1,,,,,Teklia-Jules Oudot,,,0,,,,,,,,,
3,Local,1764,Bordeaux,,Angleterre,Imports,Chandelle,,,685.6,,1714,livres,0.4,sources/Local/AD33_C4390_Bordeaux_Imports_1764.csv,AD33 C4390,1,,,,,Teklia-Jules Oudot,,,0,,,,,,,,,
4,Local,1764,Bordeaux,,Angleterre,Imports,charbon de terre,,,260850,,869.5,tonneaux,300,sources/Local/AD33_C4390_Bordeaux_Imports_1764.csv,AD33 C4390,1,,,,,Teklia-Jules Oudot,,,0,,,,,,,,,
5,Local,1764,Bordeaux,,Angleterre,Imports,feves,,,4100,,820,tonneaux,5,sources/Local/AD33_C4390_Bordeaux_Imports_1764.csv,AD33 C4390,1,,,,,Teklia-Jules Oudot,,,0,,,,,,,,,
6,Local,1764,Bordeaux,,Angleterre,Imports,Langue de bœuf,,,605,,2017,livres,0.3,sources/Local/AD33_C4390_Bordeaux_Imports_1764.csv,AD33 C4390,1,,,,,Teklia-Jules Oudot,,,-0.100000000000023,,,,,,,,,
7,Local,1764,Bordeaux,,Angleterre,Imports,Saumon salé,,,9061.25,,36245,livres,0.25,sources/Local/AD33_C4390_Bordeaux_Imports_1764.csv,AD33 C4390,1,,,,,Teklia-Jules Oudot,,Le prix a l’air juste : je change la valeur (hors de 3624.5),0,,,,,,,,,
8,Local,1764,Bordeaux,,Angleterre,Imports,suif,,,18560.4,,61868,livres,0.3,sources/Local/AD33_C4390_Bordeaux_Imports_1764.csv,AD33 C4390,1,,,,,Teklia-Jules Oudot,,,0,,,,,,,,,
9,Local,1764,Bordeaux,,Angleterre,Imports,Tabac en feuille,,,1164528.8,,5822644,livres,0.2,sources/Local/AD33_C4390_Bordeaux_Imports_1764.csv,AD33 C4390,1,,,,,Teklia-Jules Oudot,,,0,,,,,,,,,
10,Local,1764,Bordeaux,,Danemark,Imports,Acier,,,68080.95,,194517,livres,0.35,sources/Local/AD33_C4390_Bordeaux_Imports_1764.csv,AD33 C4390,1,,,,,Teklia-Jules Oudot,,,0,,,,,,,,,
11,Local,1764,Bordeaux,,Danemark,Imports,Baleine coupée,,,612.5,,245,livres,2.5,sources/Local/AD33_C4390_Bordeaux_Imports_1764.csv,AD33 C4390,1,,,,,Teklia-Jules Oudot,,,0,,,,,,,,,
12,Local,1764,Bordeaux,,Danemark,Imports,Barres de Guindeau,,,894,,447,pièces,2,sources/Local/AD33_C4390_Bordeaux_Imports_1764.csv,AD33 C4390,1,,,,,Teklia-Jules Oudot,,,0,,,,,,,,,
13,Local,1764,Bordeaux,,Danemark,Imports,Bois merrains à Barrique,,,2775,,9250,livres,0.3,sources/Local/AD33_C4390_Bordeaux_Imports_1764.csv,AD33 C4390,1,,,,,Teklia-Jules Oudot,,Le prix a l’air juste : je change la valeur (qui était 3450),0,,,,,,,,,
14,Local,1764,Bordeaux,,Danemark,Imports,Bois merrains à fonds,,,600,,2000,livres,0.3,sources/Local/AD33_C4390_Bordeaux_Imports_1764.csv,AD33 C4390,1,,,,,Teklia-Jules Oudot,,,0,,,,,,,,,
15,Local,1764,Bordeaux,,Danemark,Imports,Bouillon,,,6175,,6175,livres,1,sources/Local/AD33_C4390_Bordeaux_Imports_1764.csv,AD33 C4390,2,,,,,Teklia-Jules Oudot,,,0,,,,,,,,,
16,Local,1764,Bordeaux,,Danemark,Imports,Cuir jeaune,,,423.75,,339,livres,1.25,sources/Local/AD33_C4390_Bordeaux_Imports_1764.csv,AD33 C4390,2,,,,,Teklia-Jules Oudot,,,0,,,,,,,,,
17,Local,1764,Bordeaux,,Danemark,Imports,Cuivre en feuilles,,,1755,,1404,livres,1.25,sources/Local/AD33_C4390_Bordeaux_Imports_1764.csv,AD33 C4390,2,,,,,Teklia-Jules Oudot,,,0,,,,,,,,,
18,Local,1764,Bordeaux,,Danemark,Imports,cuivre en rosette,,,1892.4,,1577,livres,1.2,sources/Local/AD33_C4390_Bordeaux_Imports_1764.csv,AD33 C4390,2,,,,,Teklia-Jules Oudot,,,0,,,,,,,,,
19,Local,1764,Bordeaux,,Danemark,Imports,morue seche,,,19279.8,,64266,livres,0.3,sources/Local/AD33_C4390_Bordeaux_Imports_1764.csv,AD33 C4390,2,,,,,Teklia-Jules Oudot,,,0,,,,,,,,,
20,Local,1764,Bordeaux,,Danemark,Imports,planche de sapin,,,67080,,55900,pièces,1.2,sources/Local/AD33_C4390_Bordeaux_Imports_1764.csv,AD33 C4390,2,,,,,Teklia-Jules Oudot,,,0,,,,,,,,,
21,Local,1764,Bordeaux,,Espagne,Imports,Avirons,,,6408,,1068,pièces,6,sources/Local/AD33_C4390_Bordeaux_Imports_1764.csv,AD33 C4390,2,,,,,Teklia-Jules Oudot,,,0,,,,,,,,,
22,Local,1764,Bordeaux,,Espagne,Imports,Bois de Campeche,,,9840,,82000,livres,0.12,sources/Local/AD33_C4390_Bordeaux_Imports_1764.csv,AD33 C4390,2,,,,,Teklia-Jules Oudot,,,0,,,,,,,,,
23,Local,1764,Bordeaux,,Espagne,Imports,Citron,,,275,,5500,pièces,0.05,sources/Local/AD33_C4390_Bordeaux_Imports_1764.csv,AD33 C4390,2,,,,,Teklia-Jules Oudot,,,0,,,,,,,,,
24,Local,1764,Bordeaux,,Espagne,Imports,Fer en barres,,,1650788.1,,11005254,livres,0.15,sources/Local/AD33_C4390_Bordeaux_Imports_1764.csv,AD33 C4390,2,,,,,Teklia-Jules Oudot,,,0,,,,,,,,,
25,Local,1764,Bordeaux,,Espagne,Imports,figues,,,511.9,,5119,livres,0.1,sources/Local/AD33_C4390_Bordeaux_Imports_1764.csv,AD33 C4390,2,,,,,Teklia-Jules Oudot,,,0,,,,,,,,,
26,Local,1764,Bordeaux,,Espagne,Imports,laine peignée,,,19200,,48,balles,400,sources/Local/AD33_C4390_Bordeaux_Imports_1764.csv,AD33 C4390,2,,,,,Teklia-Jules Oudot,,,0,,,,,,,,,
27,Local,1764,Bordeaux,,Espagne,Imports,Laine en rame,,,154000,,440,balles,350,sources/Local/AD33_C4390_Bordeaux_Imports_1764.csv,AD33 C4390,2,,,,,Teklia-Jules Oudot,,,0,,,,,,,,,
28,Local,1764,Bordeaux,,Espagne,Imports,Mazarnes,,,708,,354,livres,2,sources/Local/AD33_C4390_Bordeaux_Imports_1764.csv,AD33 C4390,2,,,,,Teklia-Jules Oudot,,Le prix a l’air juste : je change la valeur (qui était 10990),0,,,,,,,,,
29,Local,1764,Bordeaux,,Espagne,Imports,Meules à favre,,,436,,218,livres,2,sources/Local/AD33_C4390_Bordeaux_Imports_1764.csv,AD33 C4390,2,,,,,Teklia-Jules Oudot,,,0,,,,,,,,,
30,Local,1764,Bordeaux,,Espagne,Imports,Noisette,,,2550,,17000,livres,0.15,sources/Local/AD33_C4390_Bordeaux_Imports_1764.csv,AD33 C4390,2,,,,,Teklia-Jules Oudot,,,0,,,,,,,,,
31,Local,1764,Bordeaux,,Espagne,Imports,Ris,,,117,,780,livres,0.15,sources/Local/AD33_C4390_Bordeaux_Imports_1764.csv,AD33 C4390,2,,,,,Teklia-Jules Oudot,,,0,,,,,,,,,
32,Local,1764,Bordeaux,,Espagne,Imports,Rognures a carte,,,603.1,,6031,livres,0.1,sources/Local/AD33_C4390_Bordeaux_Imports_1764.csv,AD33 C4390,2,,,,,Teklia-Jules Oudot,,,0,,,,,,,,,
33,Local,1764,Bordeaux,,Espagne,Imports,Saumon salé,,,18311.75,,73247,livres,0.25,sources/Local/AD33_C4390_Bordeaux_Imports_1764.csv,AD33 C4390,2,,,,,Teklia-Jules Oudot,,,0,,,,,,,,,
34,Local,1764,Bordeaux,,Hollande,Imports,Acier,,,30389.8,,86828,livres,0.35,sources/Local/AD33_C4390_Bordeaux_Imports_1764.csv,AD33 C4390,2,,,,,Teklia-Jules Oudot,,,0,,,,,,,,,
35,Local,1764,Bordeaux,,Hollande,Imports,Aiguilles,,,294,,1176,livres,0.25,sources/Local/AD33_C4390_Bordeaux_Imports_1764.csv,AD33 C4390,2,,,,,Teklia-Jules Oudot,,,0,,,,,,,,,
36,Local,1764,Bordeaux,,Hollande,Imports,Aloës,,,1444,,722,livres,2,sources/Local/AD33_C4390_Bordeaux_Imports_1764.csv,AD33 C4390,2,,,,,Teklia-Jules Oudot,,,0,,,,,,,,,
37,Local,1764,Bordeaux,,Hollande,Imports,Allumettes,,,558.3,,1861,livres,0.3,sources/Local/AD33_C4390_Bordeaux_Imports_1764.csv,AD33 C4390,2,,,,,Teklia-Jules Oudot,,,0,,,,,,,,,
38,Local,1764,Bordeaux,,Hollande,Imports,Alun,,,3344.2,,16721,livres,0.2,sources/Local/AD33_C4390_Bordeaux_Imports_1764.csv,AD33 C4390,2,,,,,Teklia-Jules Oudot,,,0,,,,,,,,,
39,Local,1764,Bordeaux,,Hollande,Imports,Amidon,,,11003.6,,55018,livres,0.2,sources/Local/AD33_C4390_Bordeaux_Imports_1764.csv,AD33 C4390,2,,,,,Teklia-Jules Oudot,,,0,,,,,,,,,
40,Local,1764,Bordeaux,,Hollande,Imports,Anis étoilé,,,50,,25,livres,2,sources/Local/AD33_C4390_Bordeaux_Imports_1764.csv,AD33 C4390,2,,,,,Teklia-Jules Oudot,,,0,,,,,,,,,
41,Local,1764,Bordeaux,,Hollande,Imports,Angelique,,,7.2,,16,livres,0.45,sources/Local/AD33_C4390_Bordeaux_Imports_1764.csv,AD33 C4390,2,,,,,Teklia-Jules Oudot,,,0,,,,,,,,,
42,Local,1764,Bordeaux,,Hollande,Imports,Arcenic,,,465.75,,1863,livres,0.25,sources/Local/AD33_C4390_Bordeaux_Imports_1764.csv,AD33 C4390,2,,,,,Teklia-Jules Oudot,,,0,,,,,,,,,
43,Local,1764,Bordeaux,,Hollande,Imports,Argen vif,,,3150,,900,livres,3.5,sources/Local/AD33_C4390_Bordeaux_Imports_1764.csv,AD33 C4390,2,,,,,Teklia-Jules Oudot,,,0,,,,,,,,,
44,Local,1764,Bordeaux,,Hollande,Imports,Azur,,,8,,20,livres,0.4,sources/Local/AD33_C4390_Bordeaux_Imports_1764.csv,AD33 C4390,2,,,,,Teklia-Jules Oudot,,,0,,,,,,,,,
45,Local,1764,Bordeaux,,Hollande,Imports,Baleine Coupée,,,12658.75,,3895,livres,3.25,sources/Local/AD33_C4390_Bordeaux_Imports_1764.csv,AD33 C4390,2,,,,,Teklia-Jules Oudot,,,0,,,,,,,,,
46,Local,1764,Bordeaux,,Hollande,Imports,Baleine en fanon,,,38214,,16984,livres,2.25,sources/Local/AD33_C4390_Bordeaux_Imports_1764.csv,AD33 C4390,2,,,,,Teklia-Jules Oudot,,,0,,,,,,,,,
47,Local,1764,Bordeaux,,Hollande,Imports,Boeuf salé,,,550,,5500,livres,0.1,sources/Local/AD33_C4390_Bordeaux_Imports_1764.csv,AD33 C4390,2,,,,,Teklia-Jules Oudot,,,0,,,,,,,,,
48,Local,1764,Bordeaux,,Hollande,Imports,Beurre,,,226051.6,,565129,livres,0.4,sources/Local/AD33_C4390_Bordeaux_Imports_1764.csv,AD33 C4390,2,,,,,Teklia-Jules Oudot,,,0,,,,,,,,,
49,Local,1764,Bordeaux,,Hollande,Imports,Biere,,,16326,,907,livres,18,sources/Local/AD33_C4390_Bordeaux_Imports_1764.csv,AD33 C4390,2,,,,,Teklia-Jules Oudot,,,0,,,,,,,,,
50,Local,1764,Bordeaux,,Hollande,Imports,Biscuis de mer,,,1960,,2801,livres,0.7,sources/Local/AD33_C4390_Bordeaux_Imports_1764.csv,AD33 C4390,2,,,,,Teklia-Jules Oudot,,,-0.699999999999818,,,,,,,,,
51,Local,1764,Bordeaux,,Hollande,Imports,Blanc de plomb,,,112.5,,450,livres,0.25,sources/Local/AD33_C4390_Bordeaux_Imports_1764.csv,AD33 C4390,2,,,,,Teklia-Jules Oudot,,,0,,,,,,,,,
52,Local,1764,Bordeaux,,Hollande,Imports,Bled fromen ,,,15183,,1687,barriques,9,sources/Local/AD33_C4390_Bordeaux_Imports_1764.csv,AD33 C4390,2,,,,,Teklia-Jules Oudot,,,0,,,,,,,,,
53,Local,1764,Bordeaux,,Hollande,Imports,Bled fromen ,,,2237.4,,2486,livres,0.9,sources/Local/AD33_C4390_Bordeaux_Imports_1764.csv,AD33 C4390,2,,,,,Teklia-Jules Oudot,,9 lt la livre poids ce n’est pas plausible : c’est pourtant ce que dit le document. Je remplace par 0.9 lt et je change la valeur qui était 22374,0,,,,,,,,,
54,Local,1764,Bordeaux,,Hollande,Imports,Bled Seigle,,,8540,,1220,barriques,7,sources/Local/AD33_C4390_Bordeaux_Imports_1764.csv,AD33 C4390,2,,,,,Teklia-Jules Oudot,,,0,,,,,,,,,
55,Local,1764,Bordeaux,,Hollande,Imports,Bleu de prusse,,,3380,,338,livres,10,sources/Local/AD33_C4390_Bordeaux_Imports_1764.csv,AD33 C4390,2,,,,,Teklia-Jules Oudot,,,0,,,,,,,,,
56,Local,1764,Bordeaux,,Hollande,Imports,Bois de Bresil,,,1866,,3110,livres,0.6,sources/Local/AD33_C4390_Bordeaux_Imports_1764.csv,AD33 C4390,2,,,,,Teklia-Jules Oudot,,"Prix plausible. Je remplace la valeur, qui était 1128",0,,,,,,,,,
57,Local,1764,Bordeaux,,Hollande,Imports,Bois de Caliatour moulu,,,1890,,4725,livres,0.4,sources/Local/AD33_C4390_Bordeaux_Imports_1764.csv,AD33 C4390,2,,,,,Teklia-Jules Oudot,,"Prix plausible. Je remplace la valeur, qui était 910",0,,,,,,,,,
58,Local,1764,Bordeaux,,Hollande,Imports,Bois de Campeche,,,1320,,5280,livres,0.25,sources/Local/AD33_C4390_Bordeaux_Imports_1764.csv,AD33 C4390,2,,,,,Teklia-Jules Oudot,,"Prix plausible. Je remplace la valeur, qui était 1070",0,,,,,,,,,
59,Local,1764,Bordeaux,,Hollande,Imports,Bois jeaune,,,11662,,77747,livres,0.15,sources/Local/AD33_C4390_Bordeaux_Imports_1764.csv,AD33 C4390,2,,,,,Teklia-Jules Oudot,,,-0.0499999999992724,,,,,,,,,
60,Local,1764,Bordeaux,,Hollande,Imports,Bois merrain a barriques,,,41800,,104500,livres,0.4,sources/Local/AD33_C4390_Bordeaux_Imports_1764.csv,AD33 C4390,2,,,,,Teklia-Jules Oudot,,,0,,,,,,,,,
61,Local,1764,Bordeaux,,Hollande,Imports,Bois merrain a fonds,,,11850,,39500,livres,0.3,sources/Local/AD33_C4390_Bordeaux_Imports_1764.csv,AD33 C4390,2,,,,,Teklia-Jules Oudot,,,0,,,,,,,,,
62,Local,1764,Bordeaux,,Hollande,Imports,Bois de Sainte Marthe,,,6351,,25404,livres,0.25,sources/Local/AD33_C4390_Bordeaux_Imports_1764.csv,AD33 C4390,2,,,,,Teklia-Jules Oudot,,"Prix plausible. Je remplace la valeur, qui était 5080.8",0,,,,,,,,,
63,Local,1764,Bordeaux,,Hollande,Imports,Bois de sandal moulu,,,55593.3,,158838,livres,0.35,sources/Local/AD33_C4390_Bordeaux_Imports_1764.csv,AD33 C4390,2,,,,,Teklia-Jules Oudot,,,0,,,,,,,,,
64,Local,1764,Bordeaux,,Hollande,Imports,Bois de sapin,,,965,,965,livres,1,sources/Local/AD33_C4390_Bordeaux_Imports_1764.csv,AD33 C4390,2,,,,,Teklia-Jules Oudot,,,0,,,,,,,,,
65,Local,1764,Bordeaux,,Hollande,Imports,Borax,,,2004,,668,livres,3,sources/Local/AD33_C4390_Bordeaux_Imports_1764.csv,AD33 C4390,2,,,,,Teklia-Jules Oudot,,,0,,,,,,,,,
66,Local,1764,Bordeaux,,Hollande,Imports,Bourdillon,,,9036,,9036,livres,1,sources/Local/AD33_C4390_Bordeaux_Imports_1764.csv,AD33 C4390,2,,,,,Teklia-Jules Oudot,,,0,,,,,,,,,
67,Local,1764,Bordeaux,,Hollande,Imports,Bourre de bœuf,,,2028.2,,20282,livres,0.1,sources/Local/AD33_C4390_Bordeaux_Imports_1764.csv,AD33 C4390,2,,,,,Teklia-Jules Oudot,,"Prix plausible. Je remplace la valeur, qui était 2278.2",0,,,,,,,,,
68,Local,1764,Bordeaux,,Hollande,Imports,Brosserie,,,269.4,,898,livres,0.3,sources/Local/AD33_C4390_Bordeaux_Imports_1764.csv,AD33 C4390,2,,,,,Teklia-Jules Oudot,,,0,,,,,,,,,
69,Local,1764,Bordeaux,,Hollande,Imports,Brun rouge,,,2020.3,,40406,livres,0.05,sources/Local/AD33_C4390_Bordeaux_Imports_1764.csv,AD33 C4390,2,,,,,Teklia-Jules Oudot,,,0,,,,,,,,,
70,Local,1764,Bordeaux,,Hollande,Imports,Bureau de sapin,,,300,,6,pièces,50,sources/Local/AD33_C4390_Bordeaux_Imports_1764.csv,AD33 C4390,2,,,,,Teklia-Jules Oudot,,,0,,,,,,,,,
71,Local,1764,Bordeaux,,Hollande,Imports,Cabare ,,,36,,2,pièces,18,sources/Local/AD33_C4390_Bordeaux_Imports_1764.csv,AD33 C4390,2,,,,,Teklia-Jules Oudot,,,0,,,,,,,,,
72,Local,1764,Bordeaux,,Hollande,Imports,Cabillaud,,,123161.75,,492645,livres,0.25,sources/Local/AD33_C4390_Bordeaux_Imports_1764.csv,AD33 C4390,2,,,,,Teklia-Jules Oudot,,,0.5,,,,,,,,,
73,Local,1764,Bordeaux,,Hollande,Imports,Caboches  ,,,760.8,,12680,livres,0.06,sources/Local/AD33_C4390_Bordeaux_Imports_1764.csv,AD33 C4390,2,,,,,Teklia-Jules Oudot,,,0,,,,,,,,,
74,Local,1764,Bordeaux,,Hollande,Imports,Camphre,,,3076,,769,livres,4,sources/Local/AD33_C4390_Bordeaux_Imports_1764.csv,AD33 C4390,2,,,,,Teklia-Jules Oudot,,,0,,,,,,,,,
75,Local,1764,Bordeaux,,Hollande,Imports,Cavelle,,,13704,,1142,livres,12,sources/Local/AD33_C4390_Bordeaux_Imports_1764.csv,AD33 C4390,3,,,,,Teklia-Jules Oudot,,,0,,,,,,,,,
76,Local,1764,Bordeaux,,Hollande,Imports,Cassia lignea,,,2200,,220,livres,10,sources/Local/AD33_C4390_Bordeaux_Imports_1764.csv,AD33 C4390,3,,,,,Teklia-Jules Oudot,,,0,,,,,,,,,
77,Local,1764,Bordeaux,,Hollande,Imports,Ceruse,,,8065.25,,32264,livres,0.25,sources/Local/AD33_C4390_Bordeaux_Imports_1764.csv,AD33 C4390,3,,,,,Teklia-Jules Oudot,,,-0.75,,,,,,,,,
78,Local,1764,Bordeaux,,Hollande,Imports,Chaise de commodité,,,474,,79,pièces,6,sources/Local/AD33_C4390_Bordeaux_Imports_1764.csv,AD33 C4390,3,,,,,Teklia-Jules Oudot,,,0,,,,,,,,,
79,Local,1764,Bordeaux,,Hollande,Imports,Charbon de terre,,,67125,,223.75,tonneaux,300,sources/Local/AD33_C4390_Bordeaux_Imports_1764.csv,AD33 C4390,3,,,,,Teklia-Jules Oudot,,,0,,,,,,,,,
80,Local,1764,Bordeaux,,Hollande,Imports,Cinabre,,,3529.25,,743,livres,4.75,sources/Local/AD33_C4390_Bordeaux_Imports_1764.csv,AD33 C4390,3,,,,,Teklia-Jules Oudot,,,0,,,,,,,,,
81,Local,1764,Bordeaux,,Hollande,Imports,Clous de fer,,,18333.75,,73335,livres,0.25,sources/Local/AD33_C4390_Bordeaux_Imports_1764.csv,AD33 C4390,3,,,,,Teklia-Jules Oudot,,,0,,,,,,,,,
82,Local,1764,Bordeaux,,Hollande,Imports,Colle de Flandre,,,3015.5,,6031,livres,0.5,sources/Local/AD33_C4390_Bordeaux_Imports_1764.csv,AD33 C4390,3,,,,,Teklia-Jules Oudot,,,0,,,,,,,,,
83,Local,1764,Bordeaux,,Hollande,Imports,Colle forte,,,2037,,3395,livres,0.6,sources/Local/AD33_C4390_Bordeaux_Imports_1764.csv,AD33 C4390,3,,,,,Teklia-Jules Oudot,,,0,,,,,,,,,
84,Local,1764,Bordeaux,,Hollande,Imports,Colle de poisson,,,5520,,460,livres,12,sources/Local/AD33_C4390_Bordeaux_Imports_1764.csv,AD33 C4390,3,,,,,Teklia-Jules Oudot,,,0,,,,,,,,,
85,Local,1764,Bordeaux,,Hollande,Imports,Couperose,,,9093.65,,121249,livres,0.075,sources/Local/AD33_C4390_Bordeaux_Imports_1764.csv,AD33 C4390,3,,,,,Teklia-Jules Oudot,,,-0.0249999999996362,,,,,,,,,
86,Local,1764,Bordeaux,,Hollande,Imports,Crayons,,,323.6,,1618,livres,0.2,sources/Local/AD33_C4390_Bordeaux_Imports_1764.csv,AD33 C4390,3,,,,,Teklia-Jules Oudot,,,0,,,,,,,,,
87,Local,1764,Bordeaux,,Hollande,Imports,Cuir de bœuf tannés,,,1052.5,,1754,livres,0.6,sources/Local/AD33_C4390_Bordeaux_Imports_1764.csv,AD33 C4390,3,,,,,Teklia-Jules Oudot,,,0.100000000000136,,,,,,,,,
88,Local,1764,Bordeaux,,Hollande,Imports,Cuir de Russie,,,820,,820,livres,1,sources/Local/AD33_C4390_Bordeaux_Imports_1764.csv,AD33 C4390,3,,,,,Teklia-Jules Oudot,,,0,,,,,,,,,
89,Local,1764,Bordeaux,,Hollande,Imports,Cuivre en feuille,,,2188.75,,1751,livres,1.25,sources/Local/AD33_C4390_Bordeaux_Imports_1764.csv,AD33 C4390,3,,,,,Teklia-Jules Oudot,,,0,,,,,,,,,
90,Local,1764,Bordeaux,,Hollande,Imports,Cuivre en fonds,,,525,,350,livres,1.5,sources/Local/AD33_C4390_Bordeaux_Imports_1764.csv,AD33 C4390,3,,,,,Teklia-Jules Oudot,,,0,,,,,,,,,
91,Local,1764,Bordeaux,,Hollande,Imports,Cuivre en hopitaux,,,237,,158,livres,1.5,sources/Local/AD33_C4390_Bordeaux_Imports_1764.csv,AD33 C4390,3,,,,,Teklia-Jules Oudot,,,0,,,,,,,,,
92,Local,1764,Bordeaux,,Hollande,Imports,Cuivre jeaune,,,21255.6,,17713,livres,1.2,sources/Local/AD33_C4390_Bordeaux_Imports_1764.csv,AD33 C4390,3,,,,,Teklia-Jules Oudot,,,0,,,,,,,,,
93,Local,1764,Bordeaux,,Hollande,Imports,Cuivre ouvré ,,,32298,,21532,livres,1.5,sources/Local/AD33_C4390_Bordeaux_Imports_1764.csv,AD33 C4390,3,,,,,Teklia-Jules Oudot,,,0,,,,,,,,,
94,Local,1764,Bordeaux,,Hollande,Imports,cuivre de rosette,,,3243,,2820,livres,1.15,sources/Local/AD33_C4390_Bordeaux_Imports_1764.csv,AD33 C4390,3,,,,,Teklia-Jules Oudot,,,0,,,,,,,,,
95,Local,1764,Bordeaux,,Hollande,Imports,cuivre vieux,,,322,,322,livres,1,sources/Local/AD33_C4390_Bordeaux_Imports_1764.csv,AD33 C4390,3,,,,,Teklia-Jules Oudot,,,0,,,,,,,,,
96,Local,1764,Bordeaux,,Hollande,Imports,Dez d’Acier,,,125,,250,livres,0.5,sources/Local/AD33_C4390_Bordeaux_Imports_1764.csv,AD33 C4390,3,,,,,Teklia-Jules Oudot,,,0,,,,,,,,,
97,Local,1764,Bordeaux,,Hollande,Imports,Dez de cuivre,,,2480,,1240,livres,2,sources/Local/AD33_C4390_Bordeaux_Imports_1764.csv,AD33 C4390,3,,,,,Teklia-Jules Oudot,,,0,,,,,,,,,
98,Local,1764,Bordeaux,,Hollande,Imports,Eponges,,,240,,160,livres,1.5,sources/Local/AD33_C4390_Bordeaux_Imports_1764.csv,AD33 C4390,3,,,,,Teklia-Jules Oudot,,,0,,,,,,,,,
99,Local,1764,Bordeaux,,Hollande,Imports,Etain en bloc,,,375.6,,626,livres,0.6,sources/Local/AD33_C4390_Bordeaux_Imports_1764.csv,AD33 C4390,3,,,,,Teklia-Jules Oudot,,,0,,,,,,,,,
100,Local,1764,Bordeaux,,Hollande,Imports,Etain ouvré  ,,,657.9,,731,livres,0.9,sources/Local/AD33_C4390_Bordeaux_Imports_1764.csv,AD33 C4390,3,,,,,Teklia-Jules Oudot,,,0,,,,,,,,,
101,Local,1764,Bordeaux,,Hollande,Imports,Fer en barre,,,64087.65,,427251,livres,0.15,sources/Local/AD33_C4390_Bordeaux_Imports_1764.csv,AD33 C4390,3,,,,,Teklia-Jules Oudot,,,0,,,,,,,,,
102,Local,1764,Bordeaux,,Hollande,Imports,Fer blanc,,,370,,370,livres,1,sources/Local/AD33_C4390_Bordeaux_Imports_1764.csv,AD33 C4390,3,,,,,Teklia-Jules Oudot,,,0,,,,,,,,,
103,Local,1764,Bordeaux,,Hollande,Imports,Fer coulé,,,11181.4,,223628,livres,0.05,sources/Local/AD33_C4390_Bordeaux_Imports_1764.csv,AD33 C4390,3,,,,,Teklia-Jules Oudot,,,0,,,,,,,,,
104,Local,1764,Bordeaux,,Hollande,Imports,Fer en fleaux,,,86.85,,579,livres,0.15,sources/Local/AD33_C4390_Bordeaux_Imports_1764.csv,AD33 C4390,3,,,,,Teklia-Jules Oudot,,,0,,,,,,,,,
105,Local,1764,Bordeaux,,Hollande,Imports,Fer en feuilles,,,45747.25,,182989,livres,0.25,sources/Local/AD33_C4390_Bordeaux_Imports_1764.csv,AD33 C4390,3,,,,,Teklia-Jules Oudot,,,0,,,,,,,,,
106,Local,1764,Bordeaux,,Hollande,Imports,Fer ouvré,,,2016.3,,6721,livres,0.3,sources/Local/AD33_C4390_Bordeaux_Imports_1764.csv,AD33 C4390,3,,,,,Teklia-Jules Oudot,,,0,,,,,,,,,
107,Local,1764,Bordeaux,,Hollande,Imports,fer en plaques,,,45,,450,livres,0.1,sources/Local/AD33_C4390_Bordeaux_Imports_1764.csv,AD33 C4390,3,,,,,Teklia-Jules Oudot,,,0,,,,,,,,,
108,Local,1764,Bordeaux,,Hollande,Imports,fer en poeles a frire,,,5200.5,,17335,livres,0.3,sources/Local/AD33_C4390_Bordeaux_Imports_1764.csv,AD33 C4390,3,,,,,Teklia-Jules Oudot,,,0,,,,,,,,,
109,Local,1764,Bordeaux,,Hollande,Imports,fer en taule,,,3807.6,,12692,livres,0.3,sources/Local/AD33_C4390_Bordeaux_Imports_1764.csv,AD33 C4390,3,,,,,Teklia-Jules Oudot,,,0,,,,,,,,,
110,Local,1764,Bordeaux,,Hollande,Imports,feves,,,3066,,511,boisseaux,6,sources/Local/AD33_C4390_Bordeaux_Imports_1764.csv,AD33 C4390,3,,,,,Teklia-Jules Oudot,,,0,,,,,,,,,
111,Local,1764,Bordeaux,,Hollande,Imports,feves,,,9717.45,,194349,livres,0.05,sources/Local/AD33_C4390_Bordeaux_Imports_1764.csv,AD33 C4390,3,,,,,Teklia-Jules Oudot,,,0,,,,,,,,,
112,Local,1764,Bordeaux,,Hollande,Imports,Fil blanc a coudre,,,7581,,2527,livres,3,sources/Local/AD33_C4390_Bordeaux_Imports_1764.csv,AD33 C4390,3,,,,,Teklia-Jules Oudot,,,0,,,,,,,,,
113,Local,1764,Bordeaux,,Hollande,Imports,Fil de coton,,,290,,145,livres,2,sources/Local/AD33_C4390_Bordeaux_Imports_1764.csv,AD33 C4390,3,,,,,Teklia-Jules Oudot,,"Prix plausible. Je remplace la valeur, qui était 390",0,,,,,,,,,
114,Local,1764,Bordeaux,,Hollande,Imports,Fil de Silezie,,,973.5,,649,livres,1.5,sources/Local/AD33_C4390_Bordeaux_Imports_1764.csv,AD33 C4390,3,,,,,Teklia-Jules Oudot,,,0,,,,,,,,,
115,Local,1764,Bordeaux,,Hollande,Imports,fil de fer assorty,,,40414.95,,89811,livres,0.45,sources/Local/AD33_C4390_Bordeaux_Imports_1764.csv,AD33 C4390,3,,,,,Teklia-Jules Oudot,,,0,,,,,,,,,
116,Local,1764,Bordeaux,,Hollande,Imports,Fil de fer a carder,,,8010,,8010,livres,1,sources/Local/AD33_C4390_Bordeaux_Imports_1764.csv,AD33 C4390,3,,,,,Teklia-Jules Oudot,,,0,,,,,,,,,
117,Local,1764,Bordeaux,,Hollande,Imports,Fil de fer gros,,,6441.75,,25767,livres,0.25,sources/Local/AD33_C4390_Bordeaux_Imports_1764.csv,AD33 C4390,3,,,,,Teklia-Jules Oudot,,,0,,,,,,,,,
118,Local,1764,Bordeaux,,Hollande,Imports,Fil de fer passeperle,,,6492.85,,18551,livres,0.35,sources/Local/AD33_C4390_Bordeaux_Imports_1764.csv,AD33 C4390,3,,,,,Teklia-Jules Oudot,,,0,,,,,,,,,
119,Local,1764,Bordeaux,,Hollande,Imports,Fil de fer Leton,,,22081.25,,17665,livres,1.25,sources/Local/AD33_C4390_Bordeaux_Imports_1764.csv,AD33 C4390,3,,,,,Teklia-Jules Oudot,,,0,,,,,,,,,
120,Local,1764,Bordeaux,,Hollande,Imports,Fromage,,,140080,,560320,livres,0.25,sources/Local/AD33_C4390_Bordeaux_Imports_1764.csv,AD33 C4390,3,,,,,Teklia-Jules Oudot,,,0,,,,,,,,,
121,Local,1764,Bordeaux,,Hollande,Imports,Galles,,,125,,125,livres,1,sources/Local/AD33_C4390_Bordeaux_Imports_1764.csv,AD33 C4390,3,,,,,Teklia-Jules Oudot,,,0,,,,,,,,,
122,Local,1764,Bordeaux,,Hollande,Imports,Garance billons,,,48737,,487370,livres,0.1,sources/Local/AD33_C4390_Bordeaux_Imports_1764.csv,AD33 C4390,3,,,,,Teklia-Jules Oudot,,,0,,,,,,,,,
123,Local,1764,Bordeaux,,Hollande,Imports,Garance commune,,,7189.5,,28758,livres,0.25,sources/Local/AD33_C4390_Bordeaux_Imports_1764.csv,AD33 C4390,3,,,,,Teklia-Jules Oudot,,,0,,,,,,,,,
124,Local,1764,Bordeaux,,Hollande,Imports,Garance grappe,,,3490.2,,4986,livres,0.7,sources/Local/AD33_C4390_Bordeaux_Imports_1764.csv,AD33 C4390,3,,,,,Teklia-Jules Oudot,,,0,,,,,,,,,
125,Local,1764,Bordeaux,,Hollande,Imports,garance non robée,,,42722,,85444,livres,0.5,sources/Local/AD33_C4390_Bordeaux_Imports_1764.csv,AD33 C4390,3,,,,,Teklia-Jules Oudot,,,0,,,,,,,,,
126,Local,1764,Bordeaux,,Hollande,Imports,Gaudron,,,150,,10,barrils,15,sources/Local/AD33_C4390_Bordeaux_Imports_1764.csv,AD33 C4390,3,,,,,Teklia-Jules Oudot,,,0,,,,,,,,,
127,Local,1764,Bordeaux,,Hollande,Imports,Geroffles,,,122337,,13593,livres,9,sources/Local/AD33_C4390_Bordeaux_Imports_1764.csv,AD33 C4390,3,,,,,Teklia-Jules Oudot,,"Prix plausible. Je remplace la valeur, qui était  121737",0,,,,,,,,,
128,Local,1764,Bordeaux,,Hollande,Imports,Gomme Elemu,,,40,,40,livres,1,sources/Local/AD33_C4390_Bordeaux_Imports_1764.csv,AD33 C4390,3,,,,,Teklia-Jules Oudot,,,0,,,,,,,,,
129,Local,1764,Bordeaux,,Hollande,Imports,Gomme de gayac,,,106.5,,71,livres,1.5,sources/Local/AD33_C4390_Bordeaux_Imports_1764.csv,AD33 C4390,3,,,,,Teklia-Jules Oudot,,,0,,,,,,,,,
130,Local,1764,Bordeaux,,Hollande,Imports,Gomme laque,,,2117.5,,845,livres,2.5,sources/Local/AD33_C4390_Bordeaux_Imports_1764.csv,AD33 C4390,3,,,,,Teklia-Jules Oudot,,,5,,,,,,,,,
131,Local,1764,Bordeaux,,Hollande,Imports,Graine de jardin,,,36,,36,livres,1,sources/Local/AD33_C4390_Bordeaux_Imports_1764.csv,AD33 C4390,3,,,,,Teklia-Jules Oudot,,,0,,,,,,,,,
132,Local,1764,Bordeaux,,Hollande,Imports,Gruau,,,323.4,,2156,livres,0.15,sources/Local/AD33_C4390_Bordeaux_Imports_1764.csv,AD33 C4390,3,,,,,Teklia-Jules Oudot,,,0,,,,,,,,,
133,Local,1764,Bordeaux,,Hollande,Imports,horlogerie,,,700,,2,pendules,350,sources/Local/AD33_C4390_Bordeaux_Imports_1764.csv,AD33 C4390,3,,,,,Teklia-Jules Oudot,,,0,,,,,,,,,
134,Local,1764,Bordeaux,,Hollande,Imports,huille de lin,,,58384.2,,194614,livres,0.3,sources/Local/AD33_C4390_Bordeaux_Imports_1764.csv,AD33 C4390,3,,,,,Teklia-Jules Oudot,,,0,,,,,,,,,
135,Local,1764,Bordeaux,,Hollande,Imports,huille de navette,,,6042.6,,20142,livres,0.3,sources/Local/AD33_C4390_Bordeaux_Imports_1764.csv,AD33 C4390,3,,,,,Teklia-Jules Oudot,,,0,,,,,,,,,
136,Local,1764,Bordeaux,,Hollande,Imports,huille de poisson,,,28476,,56952,livres,0.5,sources/Local/AD33_C4390_Bordeaux_Imports_1764.csv,AD33 C4390,3,,,,,Teklia-Jules Oudot,,,0,,,,,,,,,
137,Local,1764,Bordeaux,,Hollande,Imports,huille de vitriol,,,255.5,,511,livres,0.5,sources/Local/AD33_C4390_Bordeaux_Imports_1764.csv,AD33 C4390,3,,,,,Teklia-Jules Oudot,,,0,,,,,,,,,
138,Local,1764,Bordeaux,,Hollande,Imports,Jambons,,,6.3,,18,livres,0.35,sources/Local/AD33_C4390_Bordeaux_Imports_1764.csv,AD33 C4390,3,,,,,Teklia-Jules Oudot,,,0,,,,,,,,,
139,Local,1764,Bordeaux,,Hollande,Imports,inde plate,,,2549.4,,4249,livres,0.6,sources/Local/AD33_C4390_Bordeaux_Imports_1764.csv,AD33 C4390,3,,,,,Teklia-Jules Oudot,,,0,,,,,,,,,
140,Local,1764,Bordeaux,,Hollande,Imports,Indienne,,,5601,,1867,livres,3,sources/Local/AD33_C4390_Bordeaux_Imports_1764.csv,AD33 C4390,3,,,,,Teklia-Jules Oudot,,,0,,,,,,,,,
141,Local,1764,Bordeaux,,Hollande,Imports,Ipécacuana,,,245,,49,livres,5,sources/Local/AD33_C4390_Bordeaux_Imports_1764.csv,AD33 C4390,3,,,,,Teklia-Jules Oudot,,"Prix plausible. Je remplace la valeur, qui était 212",0,,,,,,,,,
142,Local,1764,Bordeaux,,Hollande,Imports,Lin peigné,,,41768.55,,92819,livres,0.45,sources/Local/AD33_C4390_Bordeaux_Imports_1764.csv,AD33 C4390,3,,,,,Teklia-Jules Oudot,,,0,,,,,,,,,
143,Local,1764,Bordeaux,,Hollande,Imports,Lin en rame,,,2149.25,,8595,livres,0.25,sources/Local/AD33_C4390_Bordeaux_Imports_1764.csv,AD33 C4390,3,,,,,Teklia-Jules Oudot,,,0.5,,,,,,,,,
144,Local,1764,Bordeaux,,Hollande,Imports,Litarge,,,721.8,,2887,livres,0.25,sources/Local/AD33_C4390_Bordeaux_Imports_1764.csv,AD33 C4390,4,,,,,Teklia-Jules Oudot,,,0.0499999999999545,,,,,,,,,
145,Local,1764,Bordeaux,,Hollande,Imports,macia,,,132,,11,livres,12,sources/Local/AD33_C4390_Bordeaux_Imports_1764.csv,AD33 C4390,4,,,,,Teklia-Jules Oudot,,,0,,,,,,,,,
146,Local,1764,Bordeaux,,Hollande,Imports,meche souffrée,,,170.1,,567,livres,0.3,sources/Local/AD33_C4390_Bordeaux_Imports_1764.csv,AD33 C4390,4,,,,,Teklia-Jules Oudot,,,0,,,,,,,,,
147,Local,1764,Bordeaux,,Hollande,Imports,mercerie,,,12728,,3182,livres,4,sources/Local/AD33_C4390_Bordeaux_Imports_1764.csv,AD33 C4390,4,,,,,Teklia-Jules Oudot,,,0,,,,,,,,,
148,Local,1764,Bordeaux,,Hollande,Imports,miny,,,3679.75,,14719,livres,0.25,sources/Local/AD33_C4390_Bordeaux_Imports_1764.csv,AD33 C4390,4,,,,,Teklia-Jules Oudot,,,0,,,,,,,,,
149,Local,1764,Bordeaux,,Hollande,Imports,Moulin à caffé,,,18,,6,pièces,3,sources/Local/AD33_C4390_Bordeaux_Imports_1764.csv,AD33 C4390,4,,,,,Teklia-Jules Oudot,,,0,,,,,,,,,
150,Local,1764,Bordeaux,,Hollande,Imports,Moulin à caffé,,,1035,,346,livres,3,sources/Local/AD33_C4390_Bordeaux_Imports_1764.csv,AD33 C4390,4,,,,,Teklia-Jules Oudot,,,-3,,,,,,,,,
151,Local,1764,Bordeaux,,Hollande,Imports,Muscades,,,28272,,3534,livres,8,sources/Local/AD33_C4390_Bordeaux_Imports_1764.csv,AD33 C4390,4,,,,,Teklia-Jules Oudot,,,0,,,,,,,,,
152,Local,1764,Bordeaux,,Hollande,Imports,orge mondée,,,61.2,,204,livres,0.3,sources/Local/AD33_C4390_Bordeaux_Imports_1764.csv,AD33 C4390,4,,,,,Teklia-Jules Oudot,,,0,,,,,,,,,
153,Local,1764,Bordeaux,,Hollande,Imports,outils à soutirer le vin,,,70,,120,livres,0.6,sources/Local/AD33_C4390_Bordeaux_Imports_1764.csv,AD33 C4390,4,,,,,Teklia-Jules Oudot,,,-2,,,,,,,,,
154,Local,1764,Bordeaux,,Hollande,Imports,papier violer,,,844,,211,Rames,4,sources/Local/AD33_C4390_Bordeaux_Imports_1764.csv,AD33 C4390,4,,,,,Teklia-Jules Oudot,,,0,,,,,,,,,
155,Local,1764,Bordeaux,,Hollande,Imports,peinceaux,,,116.5,,466,livres,0.25,sources/Local/AD33_C4390_Bordeaux_Imports_1764.csv,AD33 C4390,4,,,,,Teklia-Jules Oudot,,,0,,,,,,,,,
156,Local,1764,Bordeaux,,Hollande,Imports,papier à fumer,,,3486,,1162,grosses,3,sources/Local/AD33_C4390_Bordeaux_Imports_1764.csv,AD33 C4390,4,,,,,Teklia-Jules Oudot,,,0,,,,,,,,,
157,Local,1764,Bordeaux,,Hollande,Imports,Planche de sapin,,,22266.65,,222.6666,livres,100,sources/Local/AD33_C4390_Bordeaux_Imports_1764.csv,AD33 C4390,4,,,,,Teklia-Jules Oudot,,,-0.00999999999839929,,,,,,,,,
158,Local,1764,Bordeaux,,Hollande,Imports,Planche de sapin,,,530,,530,De 10 pieds,1,sources/Local/AD33_C4390_Bordeaux_Imports_1764.csv,AD33 C4390,4,,,,,Teklia-Jules Oudot,,,0,,,,,,,,,
159,Local,1764,Bordeaux,,Hollande,Imports,Planche de sapin,,,157.5,,126,De 14 pieds,1.25,sources/Local/AD33_C4390_Bordeaux_Imports_1764.csv,AD33 C4390,4,,,,,Teklia-Jules Oudot,,,0,,,,,,,,,
160,Local,1764,Bordeaux,,Hollande,Imports,Plomb en grenaille,,,26300.25,,105201,livres,0.25,sources/Local/AD33_C4390_Bordeaux_Imports_1764.csv,AD33 C4390,4,,,,,Teklia-Jules Oudot,,,0,,,,,,,,,
161,Local,1764,Bordeaux,,Hollande,Imports,Plomb en saumon,,,53816.6,,269083,livres,0.2,sources/Local/AD33_C4390_Bordeaux_Imports_1764.csv,AD33 C4390,4,,,,,Teklia-Jules Oudot,,,0,,,,,,,,,
162,Local,1764,Bordeaux,,Hollande,Imports,plume à écrire,,,1560,,312,livres,5,sources/Local/AD33_C4390_Bordeaux_Imports_1764.csv,AD33 C4390,4,,,,,Teklia-Jules Oudot,,,0,,,,,,,,,
163,Local,1764,Bordeaux,,Hollande,Imports,Poids verds,,,12,,1,sac ,12,sources/Local/AD33_C4390_Bordeaux_Imports_1764.csv,AD33 C4390,4,,,,,Teklia-Jules Oudot,,,0,,,,,,,,,
164,Local,1764,Bordeaux,,Hollande,Imports,Poids verds,,,135.3,,1353,livres,0.1,sources/Local/AD33_C4390_Bordeaux_Imports_1764.csv,AD33 C4390,4,,,,,Teklia-Jules Oudot,,,0,,,,,,,,,
165,Local,1764,Bordeaux,,Hollande,Imports,Poivre ordinaire,,,72584,,72584,livres,1,sources/Local/AD33_C4390_Bordeaux_Imports_1764.csv,AD33 C4390,4,,,,,Teklia-Jules Oudot,,,0,,,,,,,,,
166,Local,1764,Bordeaux,,Hollande,Imports,Poid ,,,2178,,121,boisseaux,18,sources/Local/AD33_C4390_Bordeaux_Imports_1764.csv,AD33 C4390,4,,,,,Teklia-Jules Oudot,,,0,,,,,,,,,
167,Local,1764,Bordeaux,,Hollande,Imports,Poid,,,722,,3610,livres,0.2,sources/Local/AD33_C4390_Bordeaux_Imports_1764.csv,AD33 C4390,4,,,,,Teklia-Jules Oudot,,,0,,,,,,,,,
168,Local,1764,Bordeaux,,Hollande,Imports,Poutres de sapin,,,405,,27,pièces,15,sources/Local/AD33_C4390_Bordeaux_Imports_1764.csv,AD33 C4390,4,,,,,Teklia-Jules Oudot,,,0,,,,,,,,,
169,Local,1764,Bordeaux,,Hollande,Imports,Quincaille de cuivre,,,3082.5,,2055,livres,1.5,sources/Local/AD33_C4390_Bordeaux_Imports_1764.csv,AD33 C4390,4,,,,,Teklia-Jules Oudot,,,0,,,,,,,,,
170,Local,1764,Bordeaux,,Hollande,Imports,Quincaille de fer,,,15671.4,,26119,livres,0.6,sources/Local/AD33_C4390_Bordeaux_Imports_1764.csv,AD33 C4390,4,,,,,Teklia-Jules Oudot,,,0,,,,,,,,,
171,Local,1764,Bordeaux,,Hollande,Imports,Rassades,,,65.6,,328,livres,0.2,sources/Local/AD33_C4390_Bordeaux_Imports_1764.csv,AD33 C4390,4,,,,,Teklia-Jules Oudot,,,0,,,,,,,,,
172,Local,1764,Bordeaux,,Hollande,Imports,Ruban de fil,,,521.4,,2607,livres,0.2,sources/Local/AD33_C4390_Bordeaux_Imports_1764.csv,AD33 C4390,4,,,,,Teklia-Jules Oudot,,,0,,,,,,,,,
173,Local,1764,Bordeaux,,Hollande,Imports,Ruban de fil de laine,,,16272,,5424,livres,3,sources/Local/AD33_C4390_Bordeaux_Imports_1764.csv,AD33 C4390,4,,,,,Teklia-Jules Oudot,,,0,,,,,,,,,
174,Local,1764,Bordeaux,,Hollande,Imports,Saumon salé,,,377.5,,1510,livres,0.25,sources/Local/AD33_C4390_Bordeaux_Imports_1764.csv,AD33 C4390,4,,,,,Teklia-Jules Oudot,,,0,,,,,,,,,
175,Local,1764,Bordeaux,,Hollande,Imports,Sassafras,,,33.18,,226,livres,0.15,sources/Local/AD33_C4390_Bordeaux_Imports_1764.csv,AD33 C4390,4,,,,,Teklia-Jules Oudot,,,-0.719999999999999,,,,,,,,,
176,Local,1764,Bordeaux,,Hollande,Imports,Sel de grain,,,34.6,,173,livres,0.2,sources/Local/AD33_C4390_Bordeaux_Imports_1764.csv,AD33 C4390,5,,,,,Teklia-Jules Oudot,,,0,,,,,,,,,
177,Local,1764,Bordeaux,,Hollande,Imports,Sel de Fysum,,,114,,380,livres,0.3,sources/Local/AD33_C4390_Bordeaux_Imports_1764.csv,AD33 C4390,5,,,,,Teklia-Jules Oudot,,,0,,,,,,,,,
178,Local,1764,Bordeaux,,Hollande,Imports,Souffre,,,8526.9,,56846,livres,0.15,sources/Local/AD33_C4390_Bordeaux_Imports_1764.csv,AD33 C4390,5,,,,,Teklia-Jules Oudot,,,0,,,,,,,,,
179,Local,1764,Bordeaux,,Hollande,Imports,Soye de sanglier,,,208,,104,livres,2,sources/Local/AD33_C4390_Bordeaux_Imports_1764.csv,AD33 C4390,5,,,,,Teklia-Jules Oudot,,,0,,,,,,,,,
180,Local,1764,Bordeaux,,Hollande,Imports,stocfiche,,,49564.8,,247824,livres,0.2,sources/Local/AD33_C4390_Bordeaux_Imports_1764.csv,AD33 C4390,5,,,,,Teklia-Jules Oudot,,,0,,,,,,,,,
181,Local,1764,Bordeaux,,Hollande,Imports,sublimé,,,930,,155,livres,6,sources/Local/AD33_C4390_Bordeaux_Imports_1764.csv,AD33 C4390,5,,,,,Teklia-Jules Oudot,,"Prix plausible. Je remplace la valeur, qui était 906",0,,,,,,,,,
182,Local,1764,Bordeaux,,Hollande,Imports,table de sapin vernie,,,18,,1,pièces,18,sources/Local/AD33_C4390_Bordeaux_Imports_1764.csv,AD33 C4390,5,,,,,Teklia-Jules Oudot,,,0,,,,,,,,,
183,Local,1764,Bordeaux,,Hollande,Imports,terramerita,,,94,,94,livres,1,sources/Local/AD33_C4390_Bordeaux_Imports_1764.csv,AD33 C4390,5,,,,,Teklia-Jules Oudot,,,0,,,,,,,,,
184,Local,1764,Bordeaux,,Hollande,Imports,thé,,,2740.5,,913,livres,3,sources/Local/AD33_C4390_Bordeaux_Imports_1764.csv,AD33 C4390,5,,,,,Teklia-Jules Oudot,,,1.5,,,,,,,,,
185,Local,1764,Bordeaux,,Hollande,Imports,toile cirée,,,76,,76,livres,1,sources/Local/AD33_C4390_Bordeaux_Imports_1764.csv,AD33 C4390,5,,,,,Teklia-Jules Oudot,,,0,,,,,,,,,
186,Local,1764,Bordeaux,,Hollande,Imports,toile de coton,,,4785,,957,livres,5,sources/Local/AD33_C4390_Bordeaux_Imports_1764.csv,AD33 C4390,5,,,,,Teklia-Jules Oudot,,,0,,,,,,,,,
187,Local,1764,Bordeaux,,Hollande,Imports,tournesol,,,2235,,3725,livres,0.6,sources/Local/AD33_C4390_Bordeaux_Imports_1764.csv,AD33 C4390,5,,,,,Teklia-Jules Oudot,,,0,,,,,,,,,
188,Local,1764,Bordeaux,,Hollande,Imports,vermillon,,,56,,14,livres,4,sources/Local/AD33_C4390_Bordeaux_Imports_1764.csv,AD33 C4390,5,,,,,Teklia-Jules Oudot,,,0,,,,,,,,,
189,Local,1764,Bordeaux,,Hollande,Imports,vrilles,,,57.5,,115,livres,0.5,sources/Local/AD33_C4390_Bordeaux_Imports_1764.csv,AD33 C4390,5,,,,,Teklia-Jules Oudot,,,0,,,,,,,,,
190,Local,1764,Bordeaux,,du Nord qui comprend les Villes An,Imports,acier,,,724,,2071,livres,0.35,sources/Local/AD33_C4390_Bordeaux_Imports_1764.csv,AD33 C4390,5,,,,,Teklia-Jules Oudot,,,-0.849999999999909,,,,,,,,,
191,Local,1764,Bordeaux,,du Nord qui comprend les Villes An,Imports,amidon,,,9201.2,,46000,livres,0.2,sources/Local/AD33_C4390_Bordeaux_Imports_1764.csv,AD33 C4390,5,,,,,Teklia-Jules Oudot,,,1.20000000000073,,,,,,,,,
192,Local,1764,Bordeaux,,du Nord qui comprend les Villes An,Imports,avoine,,,3252,,1084,boisseaux,3,sources/Local/AD33_C4390_Bordeaux_Imports_1764.csv,AD33 C4390,5,,,,,Teklia-Jules Oudot,,,0,,,,,,,,,
193,Local,1764,Bordeaux,,du Nord qui comprend les Villes An,Imports,azur,,,10459.35,,23242,livres,0.45,sources/Local/AD33_C4390_Bordeaux_Imports_1764.csv,AD33 C4390,5,,,,,Teklia-Jules Oudot,,,0.450000000000728,,,,,,,,,
194,Local,1764,Bordeaux,,du Nord qui comprend les Villes An,Imports,baleine coupée,,,6025.5,,1854,livres,3.25,sources/Local/AD33_C4390_Bordeaux_Imports_1764.csv,AD33 C4390,5,,,,,Teklia-Jules Oudot,,,0,,,,,,,,,
195,Local,1764,Bordeaux,,du Nord qui comprend les Villes An,Imports,bière,,,240,,16,barriques,15,sources/Local/AD33_C4390_Bordeaux_Imports_1764.csv,AD33 C4390,5,,,,,Teklia-Jules Oudot,,,0,,,,,,,,,
196,Local,1764,Bordeaux,,du Nord qui comprend les Villes An,Imports,biere,,,3.75,,25,bouteilles,0.15,sources/Local/AD33_C4390_Bordeaux_Imports_1764.csv,AD33 C4390,5,,,,,Teklia-Jules Oudot,,,0,,,,,,,,,
197,Local,1764,Bordeaux,,du Nord qui comprend les Villes An,Imports,Bled fromen,,,14850,,1650,boisseaux,9,sources/Local/AD33_C4390_Bordeaux_Imports_1764.csv,AD33 C4390,5,,,,,Teklia-Jules Oudot,,,0,,,,,,,,,
198,Local,1764,Bordeaux,,du Nord qui comprend les Villes An,Imports,bled seigle,,,203086,,31244,boisseaux,6.5,sources/Local/AD33_C4390_Bordeaux_Imports_1764.csv,AD33 C4390,5,,,,,Teklia-Jules Oudot,,,0,,,,,,,,,
199,Local,1764,Bordeaux,,du Nord qui comprend les Villes An,Imports,bled seigle,,,1632,,96,laste,17,sources/Local/AD33_C4390_Bordeaux_Imports_1764.csv,AD33 C4390,5,,,,,Teklia-Jules Oudot,,,0,,,,,,,,,
200,Local,1764,Bordeaux,,du Nord qui comprend les Villes An,Imports,bois merrain à barriques,,,272900,,682250,pièces,0.4,sources/Local/AD33_C4390_Bordeaux_Imports_1764.csv,AD33 C4390,5,,,,,Teklia-Jules Oudot,,,0,,,,,,,,,
201,Local,1764,Bordeaux,,du Nord qui comprend les Villes An,Imports,bois merrain à barriques en douelle,,,228,,1140,pièces,0.2,sources/Local/AD33_C4390_Bordeaux_Imports_1764.csv,AD33 C4390,5,,,,,Teklia-Jules Oudot,,,0,,,,,,,,,
202,Local,1764,Bordeaux,,du Nord qui comprend les Villes An,Imports,bois merrain a fonds,,,27075,,90250,pièces,0.3,sources/Local/AD33_C4390_Bordeaux_Imports_1764.csv,AD33 C4390,5,,,,,Teklia-Jules Oudot,,,0,,,,,,,,,
203,Local,1764,Bordeaux,,du Nord qui comprend les Villes An,Imports,bois de sapin,,,5700,,5700.1,pieces de 4 pieds,1,sources/Local/AD33_C4390_Bordeaux_Imports_1764.csv,AD33 C4390,5,,,,,Teklia-Jules Oudot,,,-0.100000000000364,,,,,,,,,
204,Local,1764,Bordeaux,,du Nord qui comprend les Villes An,Imports,bourdillons,,,108640,,905.3333,pièces,120,sources/Local/AD33_C4390_Bordeaux_Imports_1764.csv,AD33 C4390,5,,,,,Teklia-Jules Oudot,,,0.00400000000081491,,,,,,,,,
205,Local,1764,Bordeaux,,du Nord qui comprend les Villes An,Imports,calamine,,,139.8,,233,livres,0.6,sources/Local/AD33_C4390_Bordeaux_Imports_1764.csv,AD33 C4390,5,,,,,Teklia-Jules Oudot,,,0,,,,,,,,,
206,Local,1764,Bordeaux,,du Nord qui comprend les Villes An,Imports,Canette de verre,,,169.6,,424,livres,0.4,sources/Local/AD33_C4390_Bordeaux_Imports_1764.csv,AD33 C4390,5,,,,,Teklia-Jules Oudot,,,0,,,,,,,,,
207,Local,1764,Bordeaux,,du Nord qui comprend les Villes An,Imports,chair fumée,,,252.15,,1011,livres,0.25,sources/Local/AD33_C4390_Bordeaux_Imports_1764.csv,AD33 C4390,5,,,,,Teklia-Jules Oudot,,,-0.599999999999994,,,,,,,,,
208,Local,1764,Bordeaux,,du Nord qui comprend les Villes An,Imports,chandelle,,,422.5,,845,livres,0.5,sources/Local/AD33_C4390_Bordeaux_Imports_1764.csv,AD33 C4390,5,,,,,Teklia-Jules Oudot,,,0,,,,,,,,,
209,Local,1764,Bordeaux,,du Nord qui comprend les Villes An,Imports,charbon de terre,,,19800,,66,tonneaux,300,sources/Local/AD33_C4390_Bordeaux_Imports_1764.csv,AD33 C4390,5,,,,,Teklia-Jules Oudot,,,0,,,,,,,,,
210,Local,1764,Bordeaux,,du Nord qui comprend les Villes An,Imports,clous de fer,,,378,,1080,livres,0.35,sources/Local/AD33_C4390_Bordeaux_Imports_1764.csv,AD33 C4390,5,,,,,Teklia-Jules Oudot,,,0,,,,,,,,,
211,Local,1764,Bordeaux,,du Nord qui comprend les Villes An,Imports,couperose,,,3391.25,,45217,livres,0.075,sources/Local/AD33_C4390_Bordeaux_Imports_1764.csv,AD33 C4390,5,,,,,Teklia-Jules Oudot,,Prix au cent,-0.025000000000091,,,,,,,,,
212,Local,1764,Bordeaux,,du Nord qui comprend les Villes An,Imports,cuir de Russie,,,906,,906,livres,1,sources/Local/AD33_C4390_Bordeaux_Imports_1764.csv,AD33 C4390,5,,,,,Teklia-Jules Oudot,,,0,,,,,,,,,
213,Local,1764,Bordeaux,,du Nord qui comprend les Villes An,Imports,Cuivre en chaudiere,,,6177.6,,3744,livres,1.65,sources/Local/AD33_C4390_Bordeaux_Imports_1764.csv,AD33 C4390,5,,,,,Teklia-Jules Oudot,,,0,,,,,,,,,
214,Local,1764,Bordeaux,,du Nord qui comprend les Villes An,Imports,Cuivre en feuille,,,25932.95,,19217,livres,1.35,sources/Local/AD33_C4390_Bordeaux_Imports_1764.csv,AD33 C4390,5,,,,,Teklia-Jules Oudot,,,-10,,,,,,,,,
215,Local,1764,Bordeaux,,du Nord qui comprend les Villes An,Imports,Cuivre jeaune,,,9398.75,,7519,livres,1.25,sources/Local/AD33_C4390_Bordeaux_Imports_1764.csv,AD33 C4390,5,,,,,Teklia-Jules Oudot,,,0,,,,,,,,,
216,Local,1764,Bordeaux,,du Nord qui comprend les Villes An,Imports,cuivre ouvrée,,,12366.4,,7729,livres,1.6,sources/Local/AD33_C4390_Bordeaux_Imports_1764.csv,AD33 C4390,5,,,,,Teklia-Jules Oudot,,,0,,,,,,,,,
217,Local,1764,Bordeaux,,du Nord qui comprend les Villes An,Imports,cuivre en platine,,,120746,,60373,livres,2,sources/Local/AD33_C4390_Bordeaux_Imports_1764.csv,AD33 C4390,5,,,,,Teklia-Jules Oudot,,,0,,,,,,,,,
218,Local,1764,Bordeaux,,du Nord qui comprend les Villes An,Imports,cuivre en rosette,,,2931.6,,2443,livres,1.2,sources/Local/AD33_C4390_Bordeaux_Imports_1764.csv,AD33 C4390,5,,,,,Teklia-Jules Oudot,,,0,,,,,,,,,
219,Local,1764,Bordeaux,,du Nord qui comprend les Villes An,Imports,Damas jeaune  ,,,850,,170,pièces,5,sources/Local/AD33_C4390_Bordeaux_Imports_1764.csv,AD33 C4390,5,,,,,Teklia-Jules Oudot,,,0,,,,,,,,,
220,Local,1764,Bordeaux,,du Nord qui comprend les Villes An,Imports,fer blanc en feuilles,,,15872,,128,barils,124,sources/Local/AD33_C4390_Bordeaux_Imports_1764.csv,AD33 C4390,5,,,,,Teklia-Jules Oudot,,,0,,,,,,,,,
221,Local,1764,Bordeaux,,du Nord qui comprend les Villes An,Imports,fil de Leton,,,38613.9,,29709,livres,1.3,sources/Local/AD33_C4390_Bordeaux_Imports_1764.csv,AD33 C4390,5,,,,,Teklia-Jules Oudot,,,-7.80000000000291,,,,,,,,,
222,Local,1764,Bordeaux,,du Nord qui comprend les Villes An,Imports,futaille,,,60,,12,pièces,5,sources/Local/AD33_C4390_Bordeaux_Imports_1764.csv,AD33 C4390,5,,,,,Teklia-Jules Oudot,,,0,,,,,,,,,
223,Local,1764,Bordeaux,,du Nord qui comprend les Villes An,Imports,lame d’acier,,,589.6,,536,livres,1.1,sources/Local/AD33_C4390_Bordeaux_Imports_1764.csv,AD33 C4390,5,,,,,Teklia-Jules Oudot,,,0,,,,,,,,,
224,Local,1764,Bordeaux,,du Nord qui comprend les Villes An,Imports,mercerie,,,43158,,10787,livres,4,sources/Local/AD33_C4390_Bordeaux_Imports_1764.csv,AD33 C4390,5,,,,,Teklia-Jules Oudot,,,10,,,,,,,,,
225,Local,1764,Bordeaux,,du Nord qui comprend les Villes An,Imports,nattes,,,100,,400,pièces,0.25,sources/Local/AD33_C4390_Bordeaux_Imports_1764.csv,AD33 C4390,5,,,,,Teklia-Jules Oudot,,,0,,,,,,,,,
226,Local,1764,Bordeaux,,du Nord qui comprend les Villes An,Imports,pinceaux,,,387.5,,1550,livres,0.25,sources/Local/AD33_C4390_Bordeaux_Imports_1764.csv,AD33 C4390,5,,,,,Teklia-Jules Oudot,,,0,,,,,,,,,
227,Local,1764,Bordeaux,,du Nord qui comprend les Villes An,Imports,planches de chesne ,,,146400,,36600,pièces,4,sources/Local/AD33_C4390_Bordeaux_Imports_1764.csv,AD33 C4390,5,,,,,Teklia-Jules Oudot,,,0,,,,,,,,,
228,Local,1764,Bordeaux,,du Nord qui comprend les Villes An,Imports,planches de sapin,,,5100,,5100,pièces,1,sources/Local/AD33_C4390_Bordeaux_Imports_1764.csv,AD33 C4390,5,,,,,Teklia-Jules Oudot,,,0,,,,,,,,,
229,Local,1764,Bordeaux,,du Nord qui comprend les Villes An,Imports,plume a ecrire,,,2050,,410,livres,5,sources/Local/AD33_C4390_Bordeaux_Imports_1764.csv,AD33 C4390,5,,,,,Teklia-Jules Oudot,,,0,,,,,,,,,
230,Local,1764,Bordeaux,,du Nord qui comprend les Villes An,Imports,poivre gerofflé,,,375.3,,417,livres,0.9,sources/Local/AD33_C4390_Bordeaux_Imports_1764.csv,AD33 C4390,5,,,,,Teklia-Jules Oudot,,,0,,,,,,,,,
231,Local,1764,Bordeaux,,du Nord qui comprend les Villes An,Imports,poivre noir,,,3938.75,,3147,livres,1.25,sources/Local/AD33_C4390_Bordeaux_Imports_1764.csv,AD33 C4390,5,,,,,Teklia-Jules Oudot,,,5,,,,,,,,,
232,Local,1764,Bordeaux,,du Nord qui comprend les Villes An,Imports,poutre de sapin,,,480,,32,pièces,15,sources/Local/AD33_C4390_Bordeaux_Imports_1764.csv,AD33 C4390,5,,,,,Teklia-Jules Oudot,,,0,,,,,,,,,
233,Local,1764,Bordeaux,,du Nord qui comprend les Villes An,Imports,quincaille de cuivre,,,775.5,,1.5,livres,517,sources/Local/AD33_C4390_Bordeaux_Imports_1764.csv,AD33 C4390,5,,,,,Teklia-Jules Oudot,,,0,,,,,,,,,
234,Local,1764,Bordeaux,,du Nord qui comprend les Villes An,Imports,quincaille de fer,,,2058.6,,3431,livres,0.6,sources/Local/AD33_C4390_Bordeaux_Imports_1764.csv,AD33 C4390,5,,,,,Teklia-Jules Oudot,,,0,,,,,,,,,
235,Local,1764,Bordeaux,,du Nord qui comprend les Villes An,Imports,suif,,,6342.7,,18122,livres,0.35,sources/Local/AD33_C4390_Bordeaux_Imports_1764.csv,AD33 C4390,5,,,,,Teklia-Jules Oudot,,,0,,,,,,,,,
236,Local,1764,Bordeaux,,du Nord qui comprend les Villes An,Imports,verre cristalin,,,5480,,2740,livres,2,sources/Local/AD33_C4390_Bordeaux_Imports_1764.csv,AD33 C4390,5,,,,,Teklia-Jules Oudot,,,0,,,,,,,,,
237,Local,1764,Bordeaux,,De Russie,Imports,chanvre cru,,,10053.75,,40215,livres,0.25,sources/Local/AD33_C4390_Bordeaux_Imports_1764.csv,AD33 C4390,5,,,,,Teklia-Jules Oudot,,,0,,,,,,,,,
238,Local,1764,Bordeaux,,De Suede,Imports,alun,,,280.2,,1401,livres,0.2,sources/Local/AD33_C4390_Bordeaux_Imports_1764.csv,AD33 C4390,5,,,,,Teklia-Jules Oudot,,,0,,,,,,,,,
239,Local,1764,Bordeaux,,De Suede,Imports,Bled fromen,,,30400,,3040,livres,10,sources/Local/AD33_C4390_Bordeaux_Imports_1764.csv,AD33 C4390,5,,,,,Teklia-Jules Oudot,,,0,,,,,,,,,
240,Local,1764,Bordeaux,,De Suede,Imports,bois merrains a barrique,,,36000,,90,milliers,400,sources/Local/AD33_C4390_Bordeaux_Imports_1764.csv,AD33 C4390,5,,,,,Teklia-Jules Oudot,,,0,,,,,,,,,
241,Local,1764,Bordeaux,,De Suede,Imports,bois merrains a fonds,,,6225,,20.75,milliers,300,sources/Local/AD33_C4390_Bordeaux_Imports_1764.csv,AD33 C4390,5,,,,,Teklia-Jules Oudot,,,0,,,,,,,,,
242,Local,1764,Bordeaux,,De Suede,Imports,fer en barres,,,9150,,61000,livres,0.15,sources/Local/AD33_C4390_Bordeaux_Imports_1764.csv,AD33 C4390,5,,,,,Teklia-Jules Oudot,,,0,,,,,,,,,
243,Local,1764,Bordeaux,,De Suede,Imports,planches de sapin,,,54600,,455,cens,120,sources/Local/AD33_C4390_Bordeaux_Imports_1764.csv,AD33 C4390,5,,,,,Teklia-Jules Oudot,,"Prix plausible. Je remplace la valeur, qui était 54120",0,,,,,,,,,
244,Local,1764,Bordeaux,,Des Isles françoises de l'Amerique,Imports,bois d’Acajou,,,4060,,203,madriers,20,sources/Local/AD33_C4390_Bordeaux_Imports_1764.csv,AD33 C4390,5,,,,,Teklia-Jules Oudot,,,0,,,,,,,,,
245,Local,1764,Bordeaux,,Des Isles françoises de l'Amerique,Imports,bois de Campeche,,,51735,,206940,livres,0.25,sources/Local/AD33_C4390_Bordeaux_Imports_1764.csv,AD33 C4390,5,,,,,Teklia-Jules Oudot,,"Prix plausible. Je remplace la valeur, qui était 21735",0,,,,,,,,,
246,Local,1764,Bordeaux,,Des Isles françoises de l'Amerique,Imports,bois de Gayac,,,976.4,,9764,livres,0.1,sources/Local/AD33_C4390_Bordeaux_Imports_1764.csv,AD33 C4390,5,,,,,Teklia-Jules Oudot,,,0,,,,,,,,,
247,Local,1764,Bordeaux,,Des Isles françoises de l'Amerique,Imports,cacao,,,52547.25,,70063,livres,0.75,sources/Local/AD33_C4390_Bordeaux_Imports_1764.csv,AD33 C4390,5,,,,,Teklia-Jules Oudot,,,0,,,,,,,,,
248,Local,1764,Bordeaux,,Des Isles françoises de l'Amerique,Imports,caffé,,,1735814.25,,2314419,livres,0.75,sources/Local/AD33_C4390_Bordeaux_Imports_1764.csv,AD33 C4390,5,,,,,Teklia-Jules Oudot,,,0,,,,,,,,,
249,Local,1764,Bordeaux,,Des Isles françoises de l'Amerique,Imports,canefice,,,5574.95,,37163,livres,0.15,sources/Local/AD33_C4390_Bordeaux_Imports_1764.csv,AD33 C4390,5,,,,,Teklia-Jules Oudot,,,0.5,,,,,,,,,
250,Local,1764,Bordeaux,,Des Isles françoises de l'Amerique,Imports,confitures,,,12080,,12080,livres,1,sources/Local/AD33_C4390_Bordeaux_Imports_1764.csv,AD33 C4390,5,,,,,Teklia-Jules Oudot,,,0,,,,,,,,,
251,Local,1764,Bordeaux,,Des Isles françoises de l'Amerique,Imports,coton en laine,,,12082.75,,48331,livres,0.25,sources/Local/AD33_C4390_Bordeaux_Imports_1764.csv,AD33 C4390,5,,,,,Teklia-Jules Oudot,,,0,,,,,,,,,
252,Local,1764,Bordeaux,,Des Isles françoises de l'Amerique,Imports,Cuirs de bœuf en poil,,,16794,,2799,cotés,6,sources/Local/AD33_C4390_Bordeaux_Imports_1764.csv,AD33 C4390,5,,,,,Teklia-Jules Oudot,,,0,,,,,,,,,
253,Local,1764,Bordeaux,,Des Isles françoises de l'Amerique,Imports,Cuirs de bœuf tannés,,,217944,,24216,cotés,9,sources/Local/AD33_C4390_Bordeaux_Imports_1764.csv,AD33 C4390,5,,,,,Teklia-Jules Oudot,,,0,,,,,,,,,
254,Local,1764,Bordeaux,,Des Isles françoises de l'Amerique,Imports,Cuirs de bœuf tannés,,,95041.8,,158403,livres,0.6,sources/Local/AD33_C4390_Bordeaux_Imports_1764.csv,AD33 C4390,5,,,,,Teklia-Jules Oudot,,,0,,,,,,,,,
255,Local,1764,Bordeaux,,Des Isles françoises de l'Amerique,Imports,ecaille de tortue,,,5264,,658,livres,8,sources/Local/AD33_C4390_Bordeaux_Imports_1764.csv,AD33 C4390,5,,,,,Teklia-Jules Oudot,,,0,,,,,,,,,
256,Local,1764,Bordeaux,,Des Isles françoises de l'Amerique,Imports,gingembre,,,123.6,,412,livres,0.3,sources/Local/AD33_C4390_Bordeaux_Imports_1764.csv,AD33 C4390,5,,,,,Teklia-Jules Oudot,,,0,,,,,,,,,
257,Local,1764,Bordeaux,,Des Isles françoises de l'Amerique,Imports,Indigo,,,8150670,,1358445,livres,6,sources/Local/AD33_C4390_Bordeaux_Imports_1764.csv,AD33 C4390,5,,,,,Teklia-Jules Oudot,,"Prix plausible. Je remplace la valeur, qui était 6792225 (ie comme si le prix avait été 5 lt/livre)",0,,,,,,,,,
258,Local,1764,Bordeaux,,Des Isles françoises de l'Amerique,Imports,liqueurs,,,21,,21,pots,1,sources/Local/AD33_C4390_Bordeaux_Imports_1764.csv,AD33 C4390,5,,,,,Teklia-Jules Oudot,,,0,,,,,,,,,
259,Local,1764,Bordeaux,,Des Isles françoises de l'Amerique,Imports,sirop,,,1827,,1827,livres,1,sources/Local/AD33_C4390_Bordeaux_Imports_1764.csv,AD33 C4390,5,,,,,Teklia-Jules Oudot,,,0,,,,,,,,,
260,Local,1764,Bordeaux,,Des Isles françoises de l'Amerique,Imports,sucre blanc,,,8892028.5,,17784057,livres,0.5,sources/Local/AD33_C4390_Bordeaux_Imports_1764.csv,AD33 C4390,5,,,,,Teklia-Jules Oudot,,,0,,,,,,,,,
261,Local,1764,Bordeaux,,Des Isles françoises de l'Amerique,Imports,sucre brut,,,13781377.5,,45937925,livres,0.3,sources/Local/AD33_C4390_Bordeaux_Imports_1764.csv,AD33 C4390,5,,,,,Teklia-Jules Oudot,,,0,,,,,,,,,
262,Local,1764,Bordeaux,,Des Isles françoises de l'Amerique,Imports,sucre raffiné,,,159.3,,177,livres,0.9,sources/Local/AD33_C4390_Bordeaux_Imports_1764.csv,AD33 C4390,5,,,,,Teklia-Jules Oudot,,,0,,,,,,,,,
