line_number,source_type,year,customs_region,customs_office,partner,export_import,product,origin,width_in_line,value,value_part_of_bundle,quantity,quantity_unit,value_per_unit,filepath,source,sheet,value_total,value_sub_total_1,value_sub_total_2,value_sub_total_3,data_collector,unverified,remarks,value_minus_unit_val_x_qty,absurd_observation,trade_deficit,trade_surplus,duty_quantity,duty_quantity_unit,duty_by_unit,duty_total,duty_part_of_bundle,duty_remarks
1,Local,1747,Nantes,,Angleterre,Imports,Beuf salé,,,2130,,71,barils,30,sources/Local/AD44_C706_Nantes_Imports_1747.csv,AD44 C706,1,,,,,Marion Merville & Jules Oudot,,,0,,,,,,,,,
2,Local,1747,Nantes,,Angleterre,Imports,Beurre,,,7934.5,,31738,livres,0.25,sources/Local/AD44_C706_Nantes_Imports_1747.csv,AD44 C706,1,,,,,Marion Merville & Jules Oudot,,erreur de calcul (noté 7404),0,,,,,,,,,
3,Local,1747,Nantes,,Angleterre,Imports,Chandelle,,,18,,47,livres,0.4,sources/Local/AD44_C706_Nantes_Imports_1747.csv,AD44 C706,1,,,,,Marion Merville & Jules Oudot,,,-0.800000000000001,,,,,,,,,
4,Local,1747,Nantes,,Angleterre,Imports,Charbon de terre,,,7970,,797,bariques,10,sources/Local/AD44_C706_Nantes_Imports_1747.csv,AD44 C706,1,,,,,Marion Merville & Jules Oudot,,,0,,,,,,,,,
5,Local,1747,Nantes,,Angleterre,Imports,Crin,,,687,,1147,livres,0.6,sources/Local/AD44_C706_Nantes_Imports_1747.csv,AD44 C706,1,,,,,Marion Merville & Jules Oudot,,,-1.19999999999993,,,,,,,,,
6,Local,1747,Nantes,,Angleterre,Imports,Cuirs verts en poil,,,55552,,3472,pièces,16,sources/Local/AD44_C706_Nantes_Imports_1747.csv,AD44 C706,1,,,,,Marion Merville & Jules Oudot,,,0,,,,,,,,,
7,Local,1747,Nantes,,Angleterre,Imports,Fromage,,,75,,250,livres,0.3,sources/Local/AD44_C706_Nantes_Imports_1747.csv,AD44 C706,1,,,,,Marion Merville & Jules Oudot,,,0,,,,,,,,,
8,Local,1747,Nantes,,Angleterre,Imports,Morue seche,,,750,,3000,livres,0.25,sources/Local/AD44_C706_Nantes_Imports_1747.csv,AD44 C706,1,,,,,Marion Merville & Jules Oudot,,,0,,,,,,,,,
9,Local,1747,Nantes,,Angleterre,Imports,Suif,,,197,,5475,livres,0.036,sources/Local/AD44_C706_Nantes_Imports_1747.csv,AD44 C706,1,,,,,Marion Merville & Jules Oudot,,"Noté au 100, mais prix au 1000",-0.0999999999999943,,,,,,,,,
10,Local,1747,Nantes,,Dannemarck,Imports,Beuf sallé,,,600,,20,barils,30,sources/Local/AD44_C706_Nantes_Imports_1747.csv,AD44 C706,1,,,,,Marion Merville & Jules Oudot,,Noté au 100 par erreur,0,,,,,,,,,
11,Local,1747,Nantes,,Dannemarck,Imports,Bois de bourdilles,,,43,,172,pièces,0.25,sources/Local/AD44_C706_Nantes_Imports_1747.csv,AD44 C706,1,,,,,Marion Merville & Jules Oudot,,,0,,,,,,,,,
12,Local,1747,Nantes,,Dannemarck,Imports,Cabilleaux,,,1200,,4000,livres,0.3,sources/Local/AD44_C706_Nantes_Imports_1747.csv,AD44 C706,1,,,,,Marion Merville & Jules Oudot,,,0,,,,,,,,,
13,Local,1747,Nantes,,Dannemarck,Imports,Charbon de terre,,,720,,72,bariques,10,sources/Local/AD44_C706_Nantes_Imports_1747.csv,AD44 C706,2,,,,,Marion Merville & Jules Oudot,,,0,,,,,,,,,
14,Local,1747,Nantes,,Dannemarck,Imports,Douelles à bariques,,,360,,4500,pièces,0.08,sources/Local/AD44_C706_Nantes_Imports_1747.csv,AD44 C706,2,,,,,Marion Merville & Jules Oudot,,,0,,,,,,,,,
15,Local,1747,Nantes,,Dannemarck,Imports,Douelles à Pipes,,,55,,460,pièces,0.12,sources/Local/AD44_C706_Nantes_Imports_1747.csv,AD44 C706,2,,,,,Marion Merville & Jules Oudot,,,-0.199999999999996,,,,,,,,,
16,Local,1747,Nantes,,Dannemarck,Imports,Epars de sapin,,,290,,242,pièces,1.2,sources/Local/AD44_C706_Nantes_Imports_1747.csv,AD44 C706,2,,,,,Marion Merville & Jules Oudot,,,-0.399999999999977,,,,,,,,,
17,Local,1747,Nantes,,Dannemarck,Imports,Fer en barres,,,2750,,25000,livres,0.11,sources/Local/AD44_C706_Nantes_Imports_1747.csv,AD44 C706,2,,,,,Marion Merville & Jules Oudot,,,0,,,,,,,,,
18,Local,1747,Nantes,,Dannemarck,Imports,Pelles de bois,,,66,,168,pièces,0.4,sources/Local/AD44_C706_Nantes_Imports_1747.csv,AD44 C706,2,,,,,Marion Merville & Jules Oudot,,légère incohérence,-1.2,,,,,,,,,
19,Local,1747,Nantes,,Dannemarck,Imports,Planches de chêne de 9 à 10 pieds,,,108,,72,pièces,1.5,sources/Local/AD44_C706_Nantes_Imports_1747.csv,AD44 C706,2,,,,,Marion Merville & Jules Oudot,,,0,,,,,,,,,
20,Local,1747,Nantes,,Dannemarck,Imports,Planches de sapin de 10 à 11 pieds,,,1078,,1348,pièces,0.8,sources/Local/AD44_C706_Nantes_Imports_1747.csv,AD44 C706,6,,,,,Marion Merville & Jules Oudot,,,-0.400000000000091,,,,,,,,,
21,Local,1747,Nantes,,Dannemarck,Imports,Planches de sapin de 5 pieds,,,75,,550,pièces,0.15,sources/Local/AD44_C706_Nantes_Imports_1747.csv,AD44 C706,6,,,,,Marion Merville & Jules Oudot,,erreur de calcul,-7.5,,,,,,,,,
22,Local,1747,Nantes,,D'Espagne,Imports,Ancres de fer,,,522,,2090,livres,0.25,sources/Local/AD44_C706_Nantes_Imports_1747.csv,AD44 C706,2,,,,,Marion Merville & Jules Oudot,,,-0.5,,,,,,,,,
23,Local,1747,Nantes,,D'Espagne,Imports,Avirons,,,327,,218,traques,1.5,sources/Local/AD44_C706_Nantes_Imports_1747.csv,AD44 C706,2,,,,,Marion Merville & Jules Oudot,,,0,,,,,,,,,
24,Local,1747,Nantes,,D'Espagne,Imports,Beuf salé,,,4800,,160,Baril,30,sources/Local/AD44_C706_Nantes_Imports_1747.csv,AD44 C706,2,,,,,Marion Merville & Jules Oudot,,,0,,,,,,,,,
25,Local,1747,Nantes,,D'Espagne,Imports,Bois de gayac,,,200,,2000,livres,0.1,sources/Local/AD44_C706_Nantes_Imports_1747.csv,AD44 C706,2,,,,,Marion Merville & Jules Oudot,,,0,,,,,,,,,
26,Local,1747,Nantes,,D'Espagne,Imports,Bois de grenadille,,,,,11390,livres,,sources/Local/AD44_C706_Nantes_Imports_1747.csv,AD44 C706,2,,,,,Marion Merville & Jules Oudot,,pas de prix ni de valeur mentionnés,0,,,,,,,,,
27,Local,1747,Nantes,,D'Espagne,Imports,Bray sec,,,84,,1200,livres,0.07,sources/Local/AD44_C706_Nantes_Imports_1747.csv,AD44 C706,2,,,,,Marion Merville & Jules Oudot,,,0,,,,,,,,,
28,Local,1747,Nantes,,D'Espagne,Imports,Citrons,,,1,,30.5,milliers,0.006,sources/Local/AD44_C706_Nantes_Imports_1747.csv,AD44 C706,2,,,,,Marion Merville & Jules Oudot,,,0.817,,,,,,,,,
29,Local,1747,Nantes,,D'Espagne,Imports,Fer en barres,,,68601,,623650,livres,0.11,sources/Local/AD44_C706_Nantes_Imports_1747.csv,AD44 C706,2,,,,,Marion Merville & Jules Oudot,,,-0.5,,,,,,,,,
30,Local,1747,Nantes,,D'Espagne,Imports,Fer en feuillards,,,1518,,10125,livres,0.15,sources/Local/AD44_C706_Nantes_Imports_1747.csv,AD44 C706,2,,,,,Marion Merville & Jules Oudot,,,-0.75,,,,,,,,,
31,Local,1747,Nantes,,D'Espagne,Imports,Fer pla en quarré,,,54114,,491950,livres,0.11,sources/Local/AD44_C706_Nantes_Imports_1747.csv,AD44 C706,2,,,,,Marion Merville & Jules Oudot,,,-0.5,,,,,,,,,
32,Local,1747,Nantes,,D'Espagne,Imports,Huille d'olive,,,119833,,239666,livres,0.5,sources/Local/AD44_C706_Nantes_Imports_1747.csv,AD44 C706,2,,,,,Marion Merville & Jules Oudot,,,0,,,,,,,,,
33,Local,1747,Nantes,,D'Espagne,Imports,Laine,,,70971,,23657,livres,3,sources/Local/AD44_C706_Nantes_Imports_1747.csv,AD44 C706,2,,,,,Marion Merville & Jules Oudot,,erreur de calcul (valeur notéé 7095),0,,,,,,,,,
34,Local,1747,Nantes,,D'Espagne,Imports,Meulles bâtardes,,,2448,,816,pièces,3,sources/Local/AD44_C706_Nantes_Imports_1747.csv,AD44 C706,2,,,,,Marion Merville & Jules Oudot,,,0,,,,,,,,,
35,Local,1747,Nantes,,D'Espagne,Imports,Noisettes,,,300,,300,boisseaux,1,sources/Local/AD44_C706_Nantes_Imports_1747.csv,AD44 C706,2,,,,,Marion Merville & Jules Oudot,,,0,,,,,,,,,
36,Local,1747,Nantes,,D'Espagne,Imports,Oranges aigres,,,3984,,66400,pièces,0.06,sources/Local/AD44_C706_Nantes_Imports_1747.csv,AD44 C706,3,,,,,Marion Merville & Jules Oudot,,,0,,,,,,,,,
37,Local,1747,Nantes,,D'Espagne,Imports,Oranges douces,,,32,,2,milliers,16,sources/Local/AD44_C706_Nantes_Imports_1747.csv,AD44 C706,3,,,,,Marion Merville & Jules Oudot,,,0,,,,,,,,,
38,Local,1747,Nantes,,D'Espagne,Imports,Peaux d'agneau en laine,,,60,,200,pièces,0.3,sources/Local/AD44_C706_Nantes_Imports_1747.csv,AD44 C706,3,,,,,Marion Merville & Jules Oudot,,,0,,,,,,,,,
39,Local,1747,Nantes,,D'Espagne,Imports,Peaux de mouton en laine,,,40,,100,pièces,0.4,sources/Local/AD44_C706_Nantes_Imports_1747.csv,AD44 C706,3,,,,,Marion Merville & Jules Oudot,,,0,,,,,,,,,
40,Local,1747,Nantes,,D'Espagne,Imports,Vin d'Espagne,,,600,,2,tonneaux,300,sources/Local/AD44_C706_Nantes_Imports_1747.csv,AD44 C706,3,,,,,Marion Merville & Jules Oudot,,,0,,,,,,,,,
41,Local,1747,Nantes,,De hollande,Imports,Acier,,,7053.25,,28213,livres,0.25,sources/Local/AD44_C706_Nantes_Imports_1747.csv,AD44 C706,3,,,,,Marion Merville & Jules Oudot,,erreur de calcul (valeur notée 6055),0,,,,,,,,,
42,Local,1747,Nantes,,De hollande,Imports,Amidon,,,11987,,59935,livres,0.2,sources/Local/AD44_C706_Nantes_Imports_1747.csv,AD44 C706,3,,,,,Marion Merville & Jules Oudot,,,0,,,,,,,,,
43,Local,1747,Nantes,,De hollande,Imports,Ancres de fer,,,5968,,23875,livres,0.25,sources/Local/AD44_C706_Nantes_Imports_1747.csv,AD44 C706,3,,,,,Marion Merville & Jules Oudot,,,-0.75,,,,,,,,,
44,Local,1747,Nantes,,De hollande,Imports,Azur,,,2200,,2750,livres,0.8,sources/Local/AD44_C706_Nantes_Imports_1747.csv,AD44 C706,3,,,,,Marion Merville & Jules Oudot,,,0,,,,,,,,,
45,Local,1747,Nantes,,De hollande,Imports,Baleine coupée,,,12152,,3472,livres,3.5,sources/Local/AD44_C706_Nantes_Imports_1747.csv,AD44 C706,3,,,,,Marion Merville & Jules Oudot,,erreur de calcul (valeur notée 12252),0,,,,,,,,,
46,Local,1747,Nantes,,De hollande,Imports,Bâtons de sapin,,,36,,120,pièces,0.3,sources/Local/AD44_C706_Nantes_Imports_1747.csv,AD44 C706,3,,,,,Marion Merville & Jules Oudot,,erreur de calcul (valeur notée 28),0,,,,,,,,,
47,Local,1747,Nantes,,De hollande,Imports,Boeuf salé,,,108990,,3633,barrils,30,sources/Local/AD44_C706_Nantes_Imports_1747.csv,AD44 C706,3,,,,,Marion Merville & Jules Oudot,,,0,,,,,,,,,
48,Local,1747,Nantes,,De hollande,Imports,Boeuf salé,,,16308,,453,tierçons,36,sources/Local/AD44_C706_Nantes_Imports_1747.csv,AD44 C706,3,,,,,Marion Merville & Jules Oudot,,,0,,,,,,,,,
49,Local,1747,Nantes,,De hollande,Imports,Beurre,,,239,,956,livres,0.25,sources/Local/AD44_C706_Nantes_Imports_1747.csv,AD44 C706,3,,,,,Marion Merville & Jules Oudot,,,0,,,,,,,,,
50,Local,1747,Nantes,,De hollande,Imports,Bierre,,,26475,,1059,barriques,25,sources/Local/AD44_C706_Nantes_Imports_1747.csv,AD44 C706,3,,,,,Marion Merville & Jules Oudot,,,0,,,,,,,,,
51,Local,1747,Nantes,,De hollande,Imports,Bierre,,,304,,19,tierçons,16,sources/Local/AD44_C706_Nantes_Imports_1747.csv,AD44 C706,3,,,,,Marion Merville & Jules Oudot,,,0,,,,,,,,,
52,Local,1747,Nantes,,De hollande,Imports,Bois à bruler,,,150,,15,cordes,10,sources/Local/AD44_C706_Nantes_Imports_1747.csv,AD44 C706,3,,,,,Marion Merville & Jules Oudot,,,0,,,,,,,,,
53,Local,1747,Nantes,,De hollande,Imports,Bois de caliatour,,,3856,,9642,livres,0.4,sources/Local/AD44_C706_Nantes_Imports_1747.csv,AD44 C706,3,,,,,Marion Merville & Jules Oudot,,,-0.800000000000182,,,,,,,,,
54,Local,1747,Nantes,,De hollande,Imports,Bois de campêche en bûches,,,738.75,,4925,livres,0.15,sources/Local/AD44_C706_Nantes_Imports_1747.csv,AD44 C706,3,,,,,Marion Merville & Jules Oudot,,erreur de calcul (valeur notée 1477),0,,,,,,,,,
55,Local,1747,Nantes,,De hollande,Imports,Bois de fustel,,,,,20050,livres,,sources/Local/AD44_C706_Nantes_Imports_1747.csv,AD44 C706,3,,,,,Marion Merville & Jules Oudot,,ni valeur ni prix unitaire,0,,,,,,,,,
56,Local,1747,Nantes,,De hollande,Imports,Bois d'inde rapé,,,1147,,3825,livres,0.3,sources/Local/AD44_C706_Nantes_Imports_1747.csv,AD44 C706,3,,,,,Marion Merville & Jules Oudot,,,-0.5,,,,,,,,,
57,Local,1747,Nantes,,De hollande,Imports,Bois d'inde en bücher,,,985,,4925,livres,0.2,sources/Local/AD44_C706_Nantes_Imports_1747.csv,AD44 C706,3,,,,,Marion Merville & Jules Oudot,,,0,,,,,,,,,
58,Local,1747,Nantes,,De hollande,Imports,Bois de sandal moulu,,,360,,600,livres,0.6,sources/Local/AD44_C706_Nantes_Imports_1747.csv,AD44 C706,3,,,,,Marion Merville & Jules Oudot,,,0,,,,,,,,,
59,Local,1747,Nantes,,De hollande,Imports,Bois de teinture moulu,,,1620,,4050,livres,0.4,sources/Local/AD44_C706_Nantes_Imports_1747.csv,AD44 C706,3,,,,,Marion Merville & Jules Oudot,,,0,,,,,,,,,
60,Local,1747,Nantes,,De hollande,Imports,Bordages de chêne de 28 pieds,,,122,,101,pièces,12,sources/Local/AD44_C706_Nantes_Imports_1747.csv,AD44 C706,3,,,,,Marion Merville & Jules Oudot,,,-1090,,,,,,,,,
61,Local,1747,Nantes,,De hollande,Imports,Bouteilles de verre,,,226,,1130,livres,0.2,sources/Local/AD44_C706_Nantes_Imports_1747.csv,AD44 C706,3,,,,,Marion Merville & Jules Oudot,,,0,,,,,,,,,
62,Local,1747,Nantes,,De hollande,Imports,Bray gras,,,11544,,444,barils,26,sources/Local/AD44_C706_Nantes_Imports_1747.csv,AD44 C706,3,,,,,Marion Merville & Jules Oudot,,,0,,,,,,,,,
63,Local,1747,Nantes,,De hollande,Imports,Bray sec,,,61740,,1764,barriques,35,sources/Local/AD44_C706_Nantes_Imports_1747.csv,AD44 C706,3,,,,,Marion Merville & Jules Oudot,,,0,,,,,,,,,
64,Local,1747,Nantes,,De hollande,Imports,Briques,,,500,,50,milliers,10,sources/Local/AD44_C706_Nantes_Imports_1747.csv,AD44 C706,4,,,,,Marion Merville & Jules Oudot,,,0,,,,,,,,,
65,Local,1747,Nantes,,De hollande,Imports,Brosserie,,,670,,670,livres,1,sources/Local/AD44_C706_Nantes_Imports_1747.csv,AD44 C706,4,,,,,Marion Merville & Jules Oudot,,,0,,,,,,,,,
66,Local,1747,Nantes,,De hollande,Imports,Cabilleaux,,,5,,0.25,barils,20,sources/Local/AD44_C706_Nantes_Imports_1747.csv,AD44 C706,4,,,,,Marion Merville & Jules Oudot,,erreur de calcul (valeur notée 20),0,,,,,,,,,
67,Local,1747,Nantes,,De hollande,Imports,Cabilleaux,,,128760,,429200,livres,0.3,sources/Local/AD44_C706_Nantes_Imports_1747.csv,AD44 C706,4,,,,,Marion Merville & Jules Oudot,,,0,,,,,,,,,
68,Local,1747,Nantes,,De hollande,Imports,Canelle,,,25416,,4236,livres,6,sources/Local/AD44_C706_Nantes_Imports_1747.csv,AD44 C706,4,,,,,Marion Merville & Jules Oudot,,,0,,,,,,,,,
69,Local,1747,Nantes,,De hollande,Imports,Carreaux de brique,,,840,,60,milliers,14,sources/Local/AD44_C706_Nantes_Imports_1747.csv,AD44 C706,4,,,,,Marion Merville & Jules Oudot,,,0,,,,,,,,,
70,Local,1747,Nantes,,De hollande,Imports,Canes et flacons de verre,,,160,,800,livres,0.2,sources/Local/AD44_C706_Nantes_Imports_1747.csv,AD44 C706,4,,,,,Marion Merville & Jules Oudot,,,0,,,,,,,,,
71,Local,1747,Nantes,,De hollande,Imports,Ceruze,,,318,,1591,livres,0.2,sources/Local/AD44_C706_Nantes_Imports_1747.csv,AD44 C706,4,,,,,Marion Merville & Jules Oudot,,,-0.200000000000045,,,,,,,,,
72,Local,1747,Nantes,,De hollande,Imports,Chaises de Commodité,,,12,,2,douzaine,6,sources/Local/AD44_C706_Nantes_Imports_1747.csv,AD44 C706,4,,,,,Marion Merville & Jules Oudot,,,0,,,,,,,,,
73,Local,1747,Nantes,,De hollande,Imports,Cloux de fer,,,534,,2546,livres,0.21,sources/Local/AD44_C706_Nantes_Imports_1747.csv,AD44 C706,4,,,,,Marion Merville & Jules Oudot,,,-0.659999999999968,,,,,,,,,
74,Local,1747,Nantes,,De hollande,Imports,Coffre de fer,,,100,,1,pièce,100,sources/Local/AD44_C706_Nantes_Imports_1747.csv,AD44 C706,4,,,,,Marion Merville & Jules Oudot,,,0,,,,,,,,,
75,Local,1747,Nantes,,De hollande,Imports,Cornes à lanterne,,,148,,247,livres,0.6,sources/Local/AD44_C706_Nantes_Imports_1747.csv,AD44 C706,4,,,,,Marion Merville & Jules Oudot,,,-0.199999999999989,,,,,,,,,
76,Local,1747,Nantes,,De hollande,Imports,Couperoze verte,,,9450,,99475,livres,0.095,sources/Local/AD44_C706_Nantes_Imports_1747.csv,AD44 C706,4,,,,,Marion Merville & Jules Oudot,,,-0.125,,,,,,,,,
77,Local,1747,Nantes,,De hollande,Imports,Coutil,,,942,,314,aunes,3,sources/Local/AD44_C706_Nantes_Imports_1747.csv,AD44 C706,4,,,,,Marion Merville & Jules Oudot,,,0,,,,,,,,,
78,Local,1747,Nantes,,De hollande,Imports,Crapandine de fer,,,161,,538,livres,0.3,sources/Local/AD44_C706_Nantes_Imports_1747.csv,AD44 C706,4,,,,,Marion Merville & Jules Oudot,,,-0.400000000000006,,,,,,,,,
79,Local,1747,Nantes,,De hollande,Imports,Cuirs,,,1720,,2868,livres,0.6,sources/Local/AD44_C706_Nantes_Imports_1747.csv,AD44 C706,4,,,,,Marion Merville & Jules Oudot,,,-0.799999999999955,,,,,,,,,
80,Local,1747,Nantes,,De hollande,Imports,Cuirs de Roussi,,,515,,515,livres,1,sources/Local/AD44_C706_Nantes_Imports_1747.csv,AD44 C706,4,,,,,Marion Merville & Jules Oudot,,,0,,,,,,,,,
81,Local,1747,Nantes,,De hollande,Imports,Cuirs verts en poil,,,27952,,1747,pièces,16,sources/Local/AD44_C706_Nantes_Imports_1747.csv,AD44 C706,4,,,,,Marion Merville & Jules Oudot,,erreur de calcul (valeur notée 17952),0,,,,,,,,,
82,Local,1747,Nantes,,De hollande,Imports,Cuivre jaune ouvré,,,2550,,1700,livres,1.5,sources/Local/AD44_C706_Nantes_Imports_1747.csv,AD44 C706,4,,,,,Marion Merville & Jules Oudot,,,0,,,,,,,,,
83,Local,1747,Nantes,,De hollande,Imports,Cuivre rouge ouvrée,,,723,,452,livres,1.6,sources/Local/AD44_C706_Nantes_Imports_1747.csv,AD44 C706,4,,,,,Marion Merville & Jules Oudot,,,-0.200000000000045,,,,,,,,,
84,Local,1747,Nantes,,De hollande,Imports,Droguerie en épicerie,,,11816,,5908,livres,2,sources/Local/AD44_C706_Nantes_Imports_1747.csv,AD44 C706,4,,,,,Marion Merville & Jules Oudot,,,0,,,,,,,,,
85,Local,1747,Nantes,,De hollande,Imports,Epars,,,336,,280,pièces,1.2,sources/Local/AD44_C706_Nantes_Imports_1747.csv,AD44 C706,4,,,,,Marion Merville & Jules Oudot,,,0,,,,,,,,,
86,Local,1747,Nantes,,De hollande,Imports,Fayance,,,1320,,2640,livres,0.5,sources/Local/AD44_C706_Nantes_Imports_1747.csv,AD44 C706,4,,,,,Marion Merville & Jules Oudot,,,0,,,,,,,,,
87,Local,1747,Nantes,,De hollande,Imports,Fer blanc simple,,,220,,2,barils,110,sources/Local/AD44_C706_Nantes_Imports_1747.csv,AD44 C706,4,,,,,Marion Merville & Jules Oudot,,,0,,,,,,,,,
88,Local,1747,Nantes,,De hollande,Imports,Fer en cercle,,,1298,,8658,livres,0.15,sources/Local/AD44_C706_Nantes_Imports_1747.csv,AD44 C706,4,,,,,Marion Merville & Jules Oudot,,,-0.700000000000046,,,,,,,,,
89,Local,1747,Nantes,,De hollande,Imports,Fil blanc,,,2,,12,onces,0.2,sources/Local/AD44_C706_Nantes_Imports_1747.csv,AD44 C706,4,,,,,Marion Merville & Jules Oudot,,,-0.4,,,,,,,,,
90,Local,1747,Nantes,,De hollande,Imports,Fil de caret,,,5204,,20816,livres,0.25,sources/Local/AD44_C706_Nantes_Imports_1747.csv,AD44 C706,4,,,,,Marion Merville & Jules Oudot,,,0,,,,,,,,,
91,Local,1747,Nantes,,De hollande,Imports,Fil de fer,,,850,,2838,livres,0.3,sources/Local/AD44_C706_Nantes_Imports_1747.csv,AD44 C706,4,,,,,Marion Merville & Jules Oudot,,,-1.39999999999998,,,,,,,,,
92,Local,1747,Nantes,,De hollande,Imports,Fil de laton,,,215,,215,livres,1,sources/Local/AD44_C706_Nantes_Imports_1747.csv,AD44 C706,4,,,,,Marion Merville & Jules Oudot,,,0,,,,,,,,,
93,Local,1747,Nantes,,De hollande,Imports,Fleches,,,240,,40,pièces,6,sources/Local/AD44_C706_Nantes_Imports_1747.csv,AD44 C706,5,,,,,Marion Merville & Jules Oudot,,,0,,,,,,,,,
94,Local,1747,Nantes,,De hollande,Imports,Fromage,,,37170,,123902,livres,0.3,sources/Local/AD44_C706_Nantes_Imports_1747.csv,AD44 C706,5,,,,,Marion Merville & Jules Oudot,,,-0.599999999998545,,,,,,,,,
95,Local,1747,Nantes,,De hollande,Imports,Garence,,,12571,,27935,livres,0.45,sources/Local/AD44_C706_Nantes_Imports_1747.csv,AD44 C706,5,,,,,Marion Merville & Jules Oudot,,,0.25,,,,,,,,,
96,Local,1747,Nantes,,De hollande,Imports,Goudron,,,21575,,863,barils,25,sources/Local/AD44_C706_Nantes_Imports_1747.csv,AD44 C706,5,,,,,Marion Merville & Jules Oudot,,,0,,,,,,,,,
97,Local,1747,Nantes,,De hollande,Imports,Geroffle,,,43400,,3100,barils,14,sources/Local/AD44_C706_Nantes_Imports_1747.csv,AD44 C706,5,,,,,Marion Merville & Jules Oudot,,,0,,,,,,,,,
98,Local,1747,Nantes,,De hollande,Imports,Gruau,,,80,,4,bariques,20,sources/Local/AD44_C706_Nantes_Imports_1747.csv,AD44 C706,5,,,,,Marion Merville & Jules Oudot,,,0,,,,,,,,,
99,Local,1747,Nantes,,De hollande,Imports,Harangs sors,,,8030,,146,barils,55,sources/Local/AD44_C706_Nantes_Imports_1747.csv,AD44 C706,5,,,,,Marion Merville & Jules Oudot,,,0,,,,,,,,,
100,Local,1747,Nantes,,De hollande,Imports,Harangs blancs,,,49440,,824,barils,60,sources/Local/AD44_C706_Nantes_Imports_1747.csv,AD44 C706,5,,,,,Marion Merville & Jules Oudot,,,0,,,,,,,,,
101,Local,1747,Nantes,,De hollande,Imports,Huile de lin,,,9384,,69,bariques,136,sources/Local/AD44_C706_Nantes_Imports_1747.csv,AD44 C706,5,,,,,Marion Merville & Jules Oudot,,erreur de calcul (valeur notée 9394),0,,,,,,,,,
102,Local,1747,Nantes,,De hollande,Imports,Huile de lin,,,9398,,36148,livres,0.26,sources/Local/AD44_C706_Nantes_Imports_1747.csv,AD44 C706,5,,,,,Marion Merville & Jules Oudot,,,-0.479999999999563,,,,,,,,,
103,Local,1747,Nantes,,De hollande,Imports,Huile de poisson,,,2915,,14579,livres,0.2,sources/Local/AD44_C706_Nantes_Imports_1747.csv,AD44 C706,5,,,,,Marion Merville & Jules Oudot,,,-0.800000000000182,,,,,,,,,
104,Local,1747,Nantes,,De hollande,Imports,Jambons,,,1100,,2201,livres,0.5,sources/Local/AD44_C706_Nantes_Imports_1747.csv,AD44 C706,5,,,,,Marion Merville & Jules Oudot,,,-0.5,,,,,,,,,
105,Local,1747,Nantes,,De hollande,Imports,Laine d'Espagne,,,7986,,2662,livres,3,sources/Local/AD44_C706_Nantes_Imports_1747.csv,AD44 C706,5,,,,,Marion Merville & Jules Oudot,,,0,,,,,,,,,
106,Local,1747,Nantes,,De hollande,Imports,Lattes de sapin,,,10,,200,pièces,0.05,sources/Local/AD44_C706_Nantes_Imports_1747.csv,AD44 C706,5,,,,,Marion Merville & Jules Oudot,,,0,,,,,,,,,
107,Local,1747,Nantes,,De hollande,Imports,Liens de fil,,,96,,32,livres,3,sources/Local/AD44_C706_Nantes_Imports_1747.csv,AD44 C706,5,,,,,Marion Merville & Jules Oudot,,,0,,,,,,,,,
108,Local,1747,Nantes,,De hollande,Imports,Lin cru,,,85240,,113654,livres,0.75,sources/Local/AD44_C706_Nantes_Imports_1747.csv,AD44 C706,5,,,,,Marion Merville & Jules Oudot,,,-0.5,,,,,,,,,
109,Local,1747,Nantes,,De hollande,Imports,Mats de sapin de 36 à 75 pieds,,,13800,,23,pièces,600,sources/Local/AD44_C706_Nantes_Imports_1747.csv,AD44 C706,5,,,,,Marion Merville & Jules Oudot,,150;6 estimés 1500,0,,,,,,,,,
110,Local,1747,Nantes,,De hollande,Imports,Mats de sapin de 58 à 71 pieds,,,7700,,11,pièces,700,sources/Local/AD44_C706_Nantes_Imports_1747.csv,AD44 C706,5,,,,,Marion Merville & Jules Oudot,,150;6 estimés 1500,0,,,,,,,,,
111,Local,1747,Nantes,,De hollande,Imports,Mats de sapin de 70 pieds,,,5000,,5,pièces,1000,sources/Local/AD44_C706_Nantes_Imports_1747.csv,AD44 C706,5,,,,,Marion Merville & Jules Oudot,,150;6 estimés 1500,0,,,,,,,,,
112,Local,1747,Nantes,,De hollande,Imports,Mats de sapin de 56 à 60 pieds,,,10000,,20,pièces,500,sources/Local/AD44_C706_Nantes_Imports_1747.csv,AD44 C706,5,,,,,Marion Merville & Jules Oudot,,150;6 estimés 1500,0,,,,,,,,,
113,Local,1747,Nantes,,De hollande,Imports,Mats de sapin de 39 pieds,,,900,,6,pièces,150,sources/Local/AD44_C706_Nantes_Imports_1747.csv,AD44 C706,5,,,,,Marion Merville & Jules Oudot,,150;6 estimés 1500,0,,,,,,,,,
114,Local,1747,Nantes,,De hollande,Imports,Mats de sapin de 30 à 35 pieds,,,10000,,100,pièces,100,sources/Local/AD44_C706_Nantes_Imports_1747.csv,AD44 C706,5,,,,,Marion Merville & Jules Oudot,,150;6 estimés 1500,0,,,,,,,,,
115,Local,1747,Nantes,,De hollande,Imports,Mats de sapin de diverses grandeurs,,,1350,,9,pièces,150,sources/Local/AD44_C706_Nantes_Imports_1747.csv,AD44 C706,5,,,,,Marion Merville & Jules Oudot,,150;6 estimés 1500,0,,,,,,,,,
116,Local,1747,Nantes,,De hollande,Imports,Mats de sapin ; estimés,,,1500,,6,pièces,250,sources/Local/AD44_C706_Nantes_Imports_1747.csv,AD44 C706,5,,,,,Marion Merville & Jules Oudot,,150;6 estimés 1500,0,,,,,,,,,
117,Local,1747,Nantes,,De hollande,Imports,Matreaux de 50 pieds,,,5200,,13,pièces,400,sources/Local/AD44_C706_Nantes_Imports_1747.csv,AD44 C706,5,,,,,Marion Merville & Jules Oudot,,,0,,,,,,,,,
118,Local,1747,Nantes,,De hollande,Imports,Matreaux de 40 à 48 pieds,,,27300,,91,pièces,300,sources/Local/AD44_C706_Nantes_Imports_1747.csv,AD44 C706,5,,,,,Marion Merville & Jules Oudot,,,0,,,,,,,,,
119,Local,1747,Nantes,,De hollande,Imports,Mercerie,,,4430,,2215,livres,2,sources/Local/AD44_C706_Nantes_Imports_1747.csv,AD44 C706,5,,,,,Marion Merville & Jules Oudot,,,0,,,,,,,,,
120,Local,1747,Nantes,,De hollande,Imports,Mine de plomb,,,46,,461,livres,0.1,sources/Local/AD44_C706_Nantes_Imports_1747.csv,AD44 C706,5,,,,,Marion Merville & Jules Oudot,,,-0.100000000000001,,,,,,,,,
121,Local,1747,Nantes,,De hollande,Imports,Noix de galle,,,7905,,7905,livres,1,sources/Local/AD44_C706_Nantes_Imports_1747.csv,AD44 C706,5,,,,,Marion Merville & Jules Oudot,,,0,,,,,,,,,
122,Local,1747,Nantes,,De hollande,Imports,Orge mondée,,,99,,498,livres,0.2,sources/Local/AD44_C706_Nantes_Imports_1747.csv,AD44 C706,5,,,,,Marion Merville & Jules Oudot,,,-0.600000000000009,,,,,,,,,
123,Local,1747,Nantes,,De hollande,Imports,Outils de menuisier,,,1379,,3065,livres,0.45,sources/Local/AD44_C706_Nantes_Imports_1747.csv,AD44 C706,5,,,,,Marion Merville & Jules Oudot,,,-0.25,,,,,,,,,
124,Local,1747,Nantes,,De hollande,Imports,Papier,,,1062,,177,rames,6,sources/Local/AD44_C706_Nantes_Imports_1747.csv,AD44 C706,6,,,,,Marion Merville & Jules Oudot,,,0,,,,,,,,,
125,Local,1747,Nantes,,De hollande,Imports,Planches de chêne de 12 pieds,,,860,,860,pièces,1,sources/Local/AD44_C706_Nantes_Imports_1747.csv,AD44 C706,6,,,,,Marion Merville & Jules Oudot,,,0,,,,,,,,,
126,Local,1747,Nantes,,De hollande,Imports,Planches de prusse de 33 pieds,,,13284,,1107,pièces,12,sources/Local/AD44_C706_Nantes_Imports_1747.csv,AD44 C706,6,,,,,Marion Merville & Jules Oudot,,"le prix semble élevé, erreur de calcul supposée (valeur notée 663)",0,,,,,,,,,
127,Local,1747,Nantes,,De hollande,Imports,Planches de prusse de 27 à 30 pieds,,,1720,,172,pièces,10,sources/Local/AD44_C706_Nantes_Imports_1747.csv,AD44 C706,6,,,,,Marion Merville & Jules Oudot,,,0,,,,,,,,,
128,Local,1747,Nantes,,De hollande,Imports,Pipes à fumer,,,1273,,566,grosses,2.25,sources/Local/AD44_C706_Nantes_Imports_1747.csv,AD44 C706,6,,,,,Marion Merville & Jules Oudot,,,-0.5,,,,,,,,,
129,Local,1747,Nantes,,De hollande,Imports,Planches de prusse de 27 à 28 pieds,,,3095,,345,pièces,9,sources/Local/AD44_C706_Nantes_Imports_1747.csv,AD44 C706,6,,,,,Marion Merville & Jules Oudot,,,-10,,,,de,15,16,pieds,2,;
130,Local,1747,Nantes,,De hollande,Imports,Planches de prusse de 27 pieds,,,4955,,583,pièces,8.5,sources/Local/AD44_C706_Nantes_Imports_1747.csv,AD44 C706,6,,,,,Marion Merville & Jules Oudot,,,-0.5,,,,de,15,16,pieds,2,;
131,Local,1747,Nantes,,De hollande,Imports,Planches de prusse de 16 pieds,,,1200,,240,pièces,5,sources/Local/AD44_C706_Nantes_Imports_1747.csv,AD44 C706,6,,,,,Marion Merville & Jules Oudot,,,0,,,,de,15,16,pieds,2,;
132,Local,1747,Nantes,,De hollande,Imports,Planches de prusse de 10 à 12 pieds,,,900,,450,pièces,2,sources/Local/AD44_C706_Nantes_Imports_1747.csv,AD44 C706,6,,,,,Marion Merville & Jules Oudot,,,0,,,,de,15,16,pieds,2,;
133,Local,1747,Nantes,,De hollande,Imports,"Planches de prusse de 10,5 pieds",,,375,,250,pièces,1.5,sources/Local/AD44_C706_Nantes_Imports_1747.csv,AD44 C706,6,,,,,Marion Merville & Jules Oudot,,,0,,,,de,15,16,pieds,2,;
134,Local,1747,Nantes,,De hollande,Imports,Planches de sapin de 26 à 30 pieds,,,2040,,340,pièces,6,sources/Local/AD44_C706_Nantes_Imports_1747.csv,AD44 C706,6,,,,,Marion Merville & Jules Oudot,,,0,,,,,,,,,
135,Local,1747,Nantes,,De hollande,Imports,Planches de sapin de 26 à 27 pieds,,,1800,,360,pièces,5,sources/Local/AD44_C706_Nantes_Imports_1747.csv,AD44 C706,6,,,,,Marion Merville & Jules Oudot,,,0,,,,,,,,,
136,Local,1747,Nantes,,De hollande,Imports,Planches de sapin de 20 à 27 pieds,,,1100,,275,pièces,4,sources/Local/AD44_C706_Nantes_Imports_1747.csv,AD44 C706,6,,,,,Marion Merville & Jules Oudot,,,0,,,,,,,,,
137,Local,1747,Nantes,,De hollande,Imports,Planches de sapin de 15 à 16 pieds,,,782,,391,pièces,2,sources/Local/AD44_C706_Nantes_Imports_1747.csv,AD44 C706,6,,,,,Marion Merville & Jules Oudot,,,0,,,,,,,,,
138,Local,1747,Nantes,,De hollande,Imports,Planches de sapin de 10 à 11 pieds,,,1830,,1830,pièces,1,sources/Local/AD44_C706_Nantes_Imports_1747.csv,AD44 C706,6,,,,,Marion Merville & Jules Oudot,,,0,,,,,,,,,
139,Local,1747,Nantes,,De hollande,Imports,Planches de sapin de 10 pieds,,,9062,,15104,pièces,0.6,sources/Local/AD44_C706_Nantes_Imports_1747.csv,AD44 C706,6,,,,,Marion Merville & Jules Oudot,,,-0.399999999999636,,,,,,,,,
140,Local,1747,Nantes,,De hollande,Imports,Planches de sapin de 9 à 10 pieds,,,862,,1725,pièces,0.5,sources/Local/AD44_C706_Nantes_Imports_1747.csv,AD44 C706,6,,,,,Marion Merville & Jules Oudot,,,-0.5,,,,,,,,,
141,Local,1747,Nantes,,De hollande,Imports,Plomb a cassave,,,700,,3500,livres,0.2,sources/Local/AD44_C706_Nantes_Imports_1747.csv,AD44 C706,6,,,,,Marion Merville & Jules Oudot,,,0,,,,,,,,,
142,Local,1747,Nantes,,De hollande,Imports,Plomb en grenaille,,,193,,749,livres,0.26,sources/Local/AD44_C706_Nantes_Imports_1747.csv,AD44 C706,6,,,,,Marion Merville & Jules Oudot,,,-1.74000000000001,,,,,,,,,
143,Local,1747,Nantes,,De hollande,Imports,Plombs en saumon,,,43590,,181625,livres,0.24,sources/Local/AD44_C706_Nantes_Imports_1747.csv,AD44 C706,6,,,,,Marion Merville & Jules Oudot,,erreur de calcul (valeur notée 435900),0,,,,,,,,,
144,Local,1747,Nantes,,De hollande,Imports,Plumes à écrire,,,48,,12,livres,4,sources/Local/AD44_C706_Nantes_Imports_1747.csv,AD44 C706,6,,,,,Marion Merville & Jules Oudot,,,0,,,,,,,,,
145,Local,1747,Nantes,,De hollande,Imports,Poelles à frire,,,1930,,1287,pièces,1.5,sources/Local/AD44_C706_Nantes_Imports_1747.csv,AD44 C706,6,,,,,Marion Merville & Jules Oudot,,,-0.5,,,,,,,,,
146,Local,1747,Nantes,,De hollande,Imports,Poivre,,,149594,,83108,livres,1.8,sources/Local/AD44_C706_Nantes_Imports_1747.csv,AD44 C706,6,,,,,Marion Merville & Jules Oudot,,,-0.399999999994179,,,,,,,,,
147,Local,1747,Nantes,,De hollande,Imports,Poix de bourgogne,,,466,,2333,livres,0.2,sources/Local/AD44_C706_Nantes_Imports_1747.csv,AD44 C706,6,,,,,Marion Merville & Jules Oudot,,,-0.600000000000023,,,,,,,,,
148,Local,1747,Nantes,,De hollande,Imports,Poterie,,,74,,250,livres,0.3,sources/Local/AD44_C706_Nantes_Imports_1747.csv,AD44 C706,6,,,,,Marion Merville & Jules Oudot,,,-1,,,,,,,,,
149,Local,1747,Nantes,,De hollande,Imports,Poupes de navires,,,200,,2,pièces,100,sources/Local/AD44_C706_Nantes_Imports_1747.csv,AD44 C706,6,,,,,Marion Merville & Jules Oudot,,,0,,,,,,,,,
150,Local,1747,Nantes,,De hollande,Imports,Quincaillerie,,,8155,,8155,livres,1,sources/Local/AD44_C706_Nantes_Imports_1747.csv,AD44 C706,6,,,,,Marion Merville & Jules Oudot,,,0,,,,,,,,,
151,Local,1747,Nantes,,De hollande,Imports,Raves de moruë,,,6111,,291,barils,21,sources/Local/AD44_C706_Nantes_Imports_1747.csv,AD44 C706,6,,,,,Marion Merville & Jules Oudot,,erreur de calcul (valeur notée 5111),0,,,,,,,,,
152,Local,1747,Nantes,,De hollande,Imports,Rubarbe,,,15350,,307,livres,50,sources/Local/AD44_C706_Nantes_Imports_1747.csv,AD44 C706,6,,,,,Marion Merville & Jules Oudot,,,0,,,,,,,,,
153,Local,1747,Nantes,,De hollande,Imports,Soufre,,,5879.4,,39196,livres,0.15,sources/Local/AD44_C706_Nantes_Imports_1747.csv,AD44 C706,6,,,,,Marion Merville & Jules Oudot,,erreur de calcul (valeur notée 5868),0,,,,,,,,,
154,Local,1747,Nantes,,De hollande,Imports,Stocfiche,,,526,,2630,livres,0.2,sources/Local/AD44_C706_Nantes_Imports_1747.csv,AD44 C706,6,,,,,Marion Merville & Jules Oudot,,,0,,,,,,,,,
155,Local,1747,Nantes,,De hollande,Imports,Sumac,,,254,,3175,livres,0.08,sources/Local/AD44_C706_Nantes_Imports_1747.csv,AD44 C706,6,,,,,Marion Merville & Jules Oudot,,,0,,,,,,,,,
156,Local,1747,Nantes,,De hollande,Imports,Tambours de fer,,,1554.75,,6219,livres,0.25,sources/Local/AD44_C706_Nantes_Imports_1747.csv,AD44 C706,7,,,,,Marion Merville & Jules Oudot,,erreur de calcul (valeur notée 1534),0,,,,,,,,,
157,Local,1747,Nantes,,De hollande,Imports,Vergues de différentes proportions,,,640,,8,en nombre,80,sources/Local/AD44_C706_Nantes_Imports_1747.csv,AD44 C706,7,,,,,Marion Merville & Jules Oudot,,,0,,,,,,,,,
158,Local,1747,Nantes,,Du Nord,Imports,Acier,,,3186,,12747,livres,0.25,sources/Local/AD44_C706_Nantes_Imports_1747.csv,AD44 C706,7,,,,,Marion Merville & Jules Oudot,,,-0.75,,,,,,,,,
159,Local,1747,Nantes,,Du Nord,Imports,Amidon,,,10659,,53285,livres,0.2,sources/Local/AD44_C706_Nantes_Imports_1747.csv,AD44 C706,7,,,,,Marion Merville & Jules Oudot,,,2,,,,,,,,,
160,Local,1747,Nantes,,Du Nord,Imports,Azur,,,13692,,17115,livres,0.8,sources/Local/AD44_C706_Nantes_Imports_1747.csv,AD44 C706,7,,,,,Marion Merville & Jules Oudot,,erreur de calcul (valeur notée 13682),0,,,,,,,,,
161,Local,1747,Nantes,,Du Nord,Imports,Barres d'anspects,,,1200,,240,pièces,5,sources/Local/AD44_C706_Nantes_Imports_1747.csv,AD44 C706,7,,,,,Marion Merville & Jules Oudot,,,0,,,,,,,,,
162,Local,1747,Nantes,,Du Nord,Imports,Bouteilles de verre,,,241,,1206,livres,0.2,sources/Local/AD44_C706_Nantes_Imports_1747.csv,AD44 C706,7,,,,,Marion Merville & Jules Oudot,,,-0.200000000000017,,,,,,,,,
163,Local,1747,Nantes,,Du Nord,Imports,Chanvre,,,42674.75,,170699,livres,0.25,sources/Local/AD44_C706_Nantes_Imports_1747.csv,AD44 C706,7,,,,,Marion Merville & Jules Oudot,,erreur de calcul (valeur notée 8534),0,,,,,,,,,
164,Local,1747,Nantes,,Du Nord,Imports,Charbon de terre,,,460,,46,bariques,10,sources/Local/AD44_C706_Nantes_Imports_1747.csv,AD44 C706,7,,,,,Marion Merville & Jules Oudot,,,0,,,,,,,,,
165,Local,1747,Nantes,,Du Nord,Imports,Cofres forts de fer,,,400,,4,en nombre,100,sources/Local/AD44_C706_Nantes_Imports_1747.csv,AD44 C706,7,,,,,Marion Merville & Jules Oudot,,,0,,,,,,,,,
166,Local,1747,Nantes,,Du Nord,Imports,Cordage de chanvre,,,4074,,13580,livres,0.3,sources/Local/AD44_C706_Nantes_Imports_1747.csv,AD44 C706,7,,,,,Marion Merville & Jules Oudot,,,0,,,,,,,,,
167,Local,1747,Nantes,,Du Nord,Imports,Couperoze,,,3683.625,,38775,livres,0.095,sources/Local/AD44_C706_Nantes_Imports_1747.csv,AD44 C706,7,,,,,Marion Merville & Jules Oudot,,erreur de calcul (valeur notée 4583),0,,,,,,,,,
168,Local,1747,Nantes,,Du Nord,Imports,Cuirre de Russie,,,4754,,4754,livres,1,sources/Local/AD44_C706_Nantes_Imports_1747.csv,AD44 C706,7,,,,,Marion Merville & Jules Oudot,,,0,,,,,,,,,
169,Local,1747,Nantes,,Du Nord,Imports,Cuivre rouge,,,18639,,12426,livres,1.5,sources/Local/AD44_C706_Nantes_Imports_1747.csv,AD44 C706,7,,,,,Marion Merville & Jules Oudot,,,0,,,,,,,,,
170,Local,1747,Nantes,,Du Nord,Imports,Fer blanc Simple,,,18810,,171,barils,110,sources/Local/AD44_C706_Nantes_Imports_1747.csv,AD44 C706,7,,,,,Marion Merville & Jules Oudot,,,0,,,,,,,,,
171,Local,1747,Nantes,,Du Nord,Imports,Fer noir,,,700,,10,barils,70,sources/Local/AD44_C706_Nantes_Imports_1747.csv,AD44 C706,7,,,,,Marion Merville & Jules Oudot,,,0,,,,,,,,,
172,Local,1747,Nantes,,Du Nord,Imports,Fil de leton,,,56,,56,livres,1,sources/Local/AD44_C706_Nantes_Imports_1747.csv,AD44 C706,7,,,,,Marion Merville & Jules Oudot,,,0,,,,,,,,,
173,Local,1747,Nantes,,Du Nord,Imports,Limes,,,810,,1620,livres,0.5,sources/Local/AD44_C706_Nantes_Imports_1747.csv,AD44 C706,7,,,,,Marion Merville & Jules Oudot,,,0,,,,,,,,,
174,Local,1747,Nantes,,Du Nord,Imports,Mercerie,,,2620,,1310,livres,2,sources/Local/AD44_C706_Nantes_Imports_1747.csv,AD44 C706,7,,,,,Marion Merville & Jules Oudot,,,0,,,,,,,,,
175,Local,1747,Nantes,,Du Nord,Imports,Merrain a piper,,,80,,1000,douelles,0.08,sources/Local/AD44_C706_Nantes_Imports_1747.csv,AD44 C706,7,,,,,Marion Merville & Jules Oudot,,erreur de calcul (valeur notée 120),0,,,,,,,,,
176,Local,1747,Nantes,,Du Nord,Imports,Planches de sapin de 36 à 40 pieds,,,1792,,224,pièces,8,sources/Local/AD44_C706_Nantes_Imports_1747.csv,AD44 C706,7,,,,,Marion Merville & Jules Oudot,,,0,10,a,11,;,1309,de,9,pieds,a
177,Local,1747,Nantes,,Du Nord,Imports,Planches de sapin de 32 pieds,,,2520,,420,pièces,6,sources/Local/AD44_C706_Nantes_Imports_1747.csv,AD44 C706,7,,,,,Marion Merville & Jules Oudot,,,0,10,a,11,;,1309,de,9,pieds,a
178,Local,1747,Nantes,,Du Nord,Imports,Planches de sapin de 30 pieds,,,4775,,955,pièces,5,sources/Local/AD44_C706_Nantes_Imports_1747.csv,AD44 C706,7,,,,,Marion Merville & Jules Oudot,,,0,10,a,11,;,1309,de,9,pieds,a
179,Local,1747,Nantes,,Du Nord,Imports,Planches de sapin de 26 pieds,,,1800,,600,pièces,3,sources/Local/AD44_C706_Nantes_Imports_1747.csv,AD44 C706,7,,,,,Marion Merville & Jules Oudot,,,0,10,a,11,;,1309,de,9,pieds,a
180,Local,1747,Nantes,,Du Nord,Imports,Planches de sapin de 16 à 26 pieds,,,877,,351,pièces,2.5,sources/Local/AD44_C706_Nantes_Imports_1747.csv,AD44 C706,7,,,,,Marion Merville & Jules Oudot,,,-0.5,10,a,11,;,1309,de,9,pieds,a
181,Local,1747,Nantes,,Du Nord,Imports,Planches de sapin de 18 pieds,,,800,,400,pièces,2,sources/Local/AD44_C706_Nantes_Imports_1747.csv,AD44 C706,7,,,,,Marion Merville & Jules Oudot,,,0,10,a,11,;,1309,de,9,pieds,a
182,Local,1747,Nantes,,Du Nord,Imports,Planches de sapin de 12 pieds,,,656,,650,pièces,1,sources/Local/AD44_C706_Nantes_Imports_1747.csv,AD44 C706,7,,,,,Marion Merville & Jules Oudot,,,6,10,a,11,;,1309,de,9,pieds,a
183,Local,1747,Nantes,,Du Nord,Imports,Planches de sapin de 10 à 11 pieds,,,6018,,6688,pièces,0.9,sources/Local/AD44_C706_Nantes_Imports_1747.csv,AD44 C706,7,,,,,Marion Merville & Jules Oudot,,,-1.19999999999982,10,a,11,;,1309,de,9,pieds,a
184,Local,1747,Nantes,,Du Nord,Imports,Planches de sapin de 9 pieds,,,820,,1369,pièces,0.6,sources/Local/AD44_C706_Nantes_Imports_1747.csv,AD44 C706,7,,,,,Marion Merville & Jules Oudot,,,-1.39999999999998,10,a,11,;,1309,de,9,pieds,a
185,Local,1747,Nantes,,Du Nord,Imports,Planches de sapin de 5 pieds,,,258,,648,pièces,0.4,sources/Local/AD44_C706_Nantes_Imports_1747.csv,AD44 C706,7,,,,,Marion Merville & Jules Oudot,,,-1.19999999999999,10,a,11,;,1309,de,9,pieds,a
186,Local,1747,Nantes,,Du Nord,Imports,Porcelaine,,,250,,50,livres,5,sources/Local/AD44_C706_Nantes_Imports_1747.csv,AD44 C706,8,,,,,Marion Merville & Jules Oudot,,,0,,,,,,,,,
187,Local,1747,Nantes,,Portugal,Imports,Alun,,,12300,,61500,livres,0.2,sources/Local/AD44_C706_Nantes_Imports_1747.csv,AD44 C706,8,,,,,Marion Merville & Jules Oudot,,,0,,,,,,,,,
188,Local,1747,Nantes,,Portugal,Imports,Charbon de terre,,,2800,,280,bariques,10,sources/Local/AD44_C706_Nantes_Imports_1747.csv,AD44 C706,8,,,,,Marion Merville & Jules Oudot,,,0,,,,,,,,,
189,Local,1747,Nantes,,Portugal,Imports,Citrons verts,,,540,,27,caisses,20,sources/Local/AD44_C706_Nantes_Imports_1747.csv,AD44 C706,8,,,,,Marion Merville & Jules Oudot,,,0,,,,,,,,,
190,Local,1747,Nantes,,Portugal,Imports,Ecorce de citron verte,,,1018,,509,livres,2,sources/Local/AD44_C706_Nantes_Imports_1747.csv,AD44 C706,8,,,,,Marion Merville & Jules Oudot,,,0,,,,,,,,,
191,Local,1747,Nantes,,Portugal,Imports,Figues,,,3078.6,,20524,livres,0.15,sources/Local/AD44_C706_Nantes_Imports_1747.csv,AD44 C706,8,,,,,Marion Merville & Jules Oudot,,erreur de calcul (valeur notée 3780),0,,,,,,,,,
192,Local,1747,Nantes,,Portugal,Imports,Laine,,,27000,,13500,livres,2,sources/Local/AD44_C706_Nantes_Imports_1747.csv,AD44 C706,8,,,,,Marion Merville & Jules Oudot,,erreur de calcul (valeur notée 37 000),0,,,,,,,,,
193,Local,1747,Nantes,,Portugal,Imports,Oranges,,,6930,,462,caisses,15,sources/Local/AD44_C706_Nantes_Imports_1747.csv,AD44 C706,8,,,,,Marion Merville & Jules Oudot,,,0,,,,,,,,,
194,Local,1747,Nantes,,Portugal,Imports,Peaux de mouton en laine,,,3000,,3000,pièces,1,sources/Local/AD44_C706_Nantes_Imports_1747.csv,AD44 C706,8,,,,,Marion Merville & Jules Oudot,,,0,,,,,,,,,
195,Local,1747,Nantes,,La Suede,Imports,Acier,,,2808,,234,barils,12,sources/Local/AD44_C706_Nantes_Imports_1747.csv,AD44 C706,8,,,,,Marion Merville & Jules Oudot,,,0,,,,,,,,,
196,Local,1747,Nantes,,La Suede,Imports,Acier,,,12977,,51910,livres,0.25,sources/Local/AD44_C706_Nantes_Imports_1747.csv,AD44 C706,8,,,,,Marion Merville & Jules Oudot,,,-0.5,,,,,,,,,
197,Local,1747,Nantes,,La Suede,Imports,Bray gras,,,8975,,359,barils,25,sources/Local/AD44_C706_Nantes_Imports_1747.csv,AD44 C706,8,,,,,Marion Merville & Jules Oudot,,,0,,,,,,,,,
198,Local,1747,Nantes,,La Suede,Imports,Charbon de terre,,,1260,,126,bariques,10,sources/Local/AD44_C706_Nantes_Imports_1747.csv,AD44 C706,8,,,,,Marion Merville & Jules Oudot,,,0,,,,,,,,,
199,Local,1747,Nantes,,La Suede,Imports,Cloux de fer,,,5423.5,,21694,livres,0.25,sources/Local/AD44_C706_Nantes_Imports_1747.csv,AD44 C706,8,,,,,Marion Merville & Jules Oudot,,erreur de calcul (valeur notée 4423),0,,,,,,,,,
200,Local,1747,Nantes,,La Suede,Imports,Douelles à pipes,,,194,,1620,douelles,0.12,sources/Local/AD44_C706_Nantes_Imports_1747.csv,AD44 C706,8,,,,,Marion Merville & Jules Oudot,,,-0.400000000000006,,,,,,,,,
201,Local,1747,Nantes,,La Suede,Imports,Epars petite,,,1.76,,16,en nombre,0.11,sources/Local/AD44_C706_Nantes_Imports_1747.csv,AD44 C706,8,,,,,Marion Merville & Jules Oudot,,erreur de calcul (valeur notée 4),0,,,,,,,,,
202,Local,1747,Nantes,,La Suede,Imports,Fer en barres,,,39190,,356275,livres,0.11,sources/Local/AD44_C706_Nantes_Imports_1747.csv,AD44 C706,8,,,,,Marion Merville & Jules Oudot,,,-0.25,,,,,,,,,
203,Local,1747,Nantes,,La Suede,Imports,Fer en paquets,,,81,,812,livres,0.1,sources/Local/AD44_C706_Nantes_Imports_1747.csv,AD44 C706,8,,,,,Marion Merville & Jules Oudot,,,-0.200000000000003,,,,,,,,,
204,Local,1747,Nantes,,La Suede,Imports,Fer plat,,,298.98,,2718,livres,0.11,sources/Local/AD44_C706_Nantes_Imports_1747.csv,AD44 C706,8,,,,,Marion Merville & Jules Oudot,,erreur de calcul (valeur notée 2989),0,,,,,,,,,
205,Local,1747,Nantes,,La Suede,Imports,Fer en taule,,,3108,,8880,livres,0.35,sources/Local/AD44_C706_Nantes_Imports_1747.csv,AD44 C706,8,,,,,Marion Merville & Jules Oudot,,,0,,,,,,,,,
206,Local,1747,Nantes,,La Suede,Imports,Goudron,,,4900,,196,barils,25,sources/Local/AD44_C706_Nantes_Imports_1747.csv,AD44 C706,8,,,,,Marion Merville & Jules Oudot,,,0,,,,,,,,,
207,Local,1747,Nantes,,La Suede,Imports,Gournables,,,,,600,en nombre,,sources/Local/AD44_C706_Nantes_Imports_1747.csv,AD44 C706,8,,,,,Marion Merville & Jules Oudot,,,0,,,,,,,,,
208,Local,1747,Nantes,,La Suede,Imports,Mats de 36 pieds,,,360,,3,pièces,120,sources/Local/AD44_C706_Nantes_Imports_1747.csv,AD44 C706,8,,,,,Marion Merville & Jules Oudot,,,0,,,,,,,,,
209,Local,1747,Nantes,,La Suede,Imports,Matreaux de 35 pieds,,,240,,2,pièces,120,sources/Local/AD44_C706_Nantes_Imports_1747.csv,AD44 C706,8,,,,,Marion Merville & Jules Oudot,,,0,,,,,,,,,
210,Local,1747,Nantes,,La Suede,Imports,Matreaux de 25 pieds,,,840,,21,pièces,40,sources/Local/AD44_C706_Nantes_Imports_1747.csv,AD44 C706,8,,,,,Marion Merville & Jules Oudot,,,0,,,,,,,,,
211,Local,1747,Nantes,,La Suede,Imports,Planches de sapin de 10 à 11 pieds,,,1455,,2425,pièces,0.6,sources/Local/AD44_C706_Nantes_Imports_1747.csv,AD44 C706,8,,,,,Marion Merville & Jules Oudot,,,0,,,,,,,,,
212,Local,1747,Nantes,,La Suede,Imports,Planches de sapin de 10 pieds,,,9637,,17523,pièces,0.55,sources/Local/AD44_C706_Nantes_Imports_1747.csv,AD44 C706,8,,,,,Marion Merville & Jules Oudot,,,-0.650000000001455,,,,,,,,,
213,Local,1747,Nantes,,La Suede,Imports,Planches de sapin de 9 à 10 pieds,,,12455,,24910,pièces,0.5,sources/Local/AD44_C706_Nantes_Imports_1747.csv,AD44 C706,8,,,,,Marion Merville & Jules Oudot,,,0,,,,,,,,,
214,Local,1747,Nantes,,La Suede,Imports,Planches de sapin de 9 pieds,,,4401,,8803,pièces,0.5,sources/Local/AD44_C706_Nantes_Imports_1747.csv,AD44 C706,9,,,,,Marion Merville & Jules Oudot,,,-0.5,,,,,,,,,
215,Local,1747,Nantes,,La Suede,Imports,Planches de sapin de 8 à 9 pieds,,,2277,,5060,pièces,0.45,sources/Local/AD44_C706_Nantes_Imports_1747.csv,AD44 C706,9,,,,,Marion Merville & Jules Oudot,,,0,,,,,,,,,
216,Local,1747,Nantes,,La Suede,Imports,Planches de sapin de 5 pieds,,,237,,790,pièces,0.3,sources/Local/AD44_C706_Nantes_Imports_1747.csv,AD44 C706,9,,,,,Marion Merville & Jules Oudot,,,0,,,,,,,,,
217,Local,1747,Nantes,,La Suede,Imports,Planches de sapin de 4 à 5 pieds,,,360,,1441,pièces,0.25,sources/Local/AD44_C706_Nantes_Imports_1747.csv,AD44 C706,9,,,,,Marion Merville & Jules Oudot,,,-0.25,,,,,,,,,
218,Local,1747,Nantes,,La Suede,Imports,Planches de sapin ; demi-planches,,,877.5,,3510,pièces,0.25,sources/Local/AD44_C706_Nantes_Imports_1747.csv,AD44 C706,9,,,,,Marion Merville & Jules Oudot,,erreur de calcul (valeur notée 875),0,,,,,,,,,
219,Local,1747,Nantes,,La Suede,Imports,Planches de sapin ; bouts de planches,,,135,,676,pièces,0.2,sources/Local/AD44_C706_Nantes_Imports_1747.csv,AD44 C706,9,,,,,Marion Merville & Jules Oudot,,,-0.200000000000017,,,,,,,,,
220,Local,1747,Nantes,,La Suede,Imports,Planches de sapin,,,72,,350,pièces,0.2,sources/Local/AD44_C706_Nantes_Imports_1747.csv,AD44 C706,9,,,,,Marion Merville & Jules Oudot,,,2,,,,,,,,,
221,Local,1747,Nantes,,des Isles Françoise de l'Amerique et de Terneuve,Imports,Bois de Bresil,,,400,,1000,livres,0.4,sources/Local/AD44_C706_Nantes_Imports_1747.csv,AD44 C706,9,,,,,Marion Merville & Jules Oudot,,,0,,,,,,,,,
222,Local,1747,Nantes,,des Isles Françoise de l'Amerique et de Terneuve,Imports,Bois de campêche,,,3108,,10360,livres,0.3,sources/Local/AD44_C706_Nantes_Imports_1747.csv,AD44 C706,9,,,,,Marion Merville & Jules Oudot,,,0,,,,,,,,,
223,Local,1747,Nantes,,des Isles Françoise de l'Amerique et de Terneuve,Imports,Cacao,,,5883,,7844,livres,0.75,sources/Local/AD44_C706_Nantes_Imports_1747.csv,AD44 C706,9,,,,,Marion Merville & Jules Oudot,,,0,,,,,,,,,
224,Local,1747,Nantes,,des Isles Françoise de l'Amerique et de Terneuve,Imports,Caffé,,,1111880,,1111880,livres,1,sources/Local/AD44_C706_Nantes_Imports_1747.csv,AD44 C706,9,,,,,Marion Merville & Jules Oudot,,,0,,,,,,,,,
225,Local,1747,Nantes,,des Isles Françoise de l'Amerique et de Terneuve,Imports,Citrons confits,,,1346,,673,livres,2,sources/Local/AD44_C706_Nantes_Imports_1747.csv,AD44 C706,9,,,,,Marion Merville & Jules Oudot,,,0,,,,,,,,,
226,Local,1747,Nantes,,des Isles Françoise de l'Amerique et de Terneuve,Imports,Confitures,,,1038,,1729,livres,0.6,sources/Local/AD44_C706_Nantes_Imports_1747.csv,AD44 C706,9,,,,,Marion Merville & Jules Oudot,,,0.600000000000136,,,,,,,,,
227,Local,1747,Nantes,,des Isles Françoise de l'Amerique et de Terneuve,Imports,Cotton en laine,,,319946.2,,228533,livres,1.4,sources/Local/AD44_C706_Nantes_Imports_1747.csv,AD44 C706,9,,,,,Marion Merville & Jules Oudot,,erreur de calcul (valeur notée 319948),0,,,,,,,,,
228,Local,1747,Nantes,,des Isles Françoise de l'Amerique et de Terneuve,Imports,Cuirs Secs en poil,,,75620,,7562,pièces,10,sources/Local/AD44_C706_Nantes_Imports_1747.csv,AD44 C706,9,,,,,Marion Merville & Jules Oudot,,,0,,,,,,,,,
229,Local,1747,Nantes,,des Isles Françoise de l'Amerique et de Terneuve,Imports,Cuirs tannés,,,10103,,20207,livres,0.5,sources/Local/AD44_C706_Nantes_Imports_1747.csv,AD44 C706,9,,,,,Marion Merville & Jules Oudot,,,-0.5,,,,,,,,,
230,Local,1747,Nantes,,des Isles Françoise de l'Amerique et de Terneuve,Imports,Ecaille de cahouanne,,,437,,175,livres,2.5,sources/Local/AD44_C706_Nantes_Imports_1747.csv,AD44 C706,9,,,,,Marion Merville & Jules Oudot,,,-0.5,,,,,,,,,
231,Local,1747,Nantes,,des Isles Françoise de l'Amerique et de Terneuve,Imports,Ecaille de carret,,,5482,,645,livres,8.5,sources/Local/AD44_C706_Nantes_Imports_1747.csv,AD44 C706,9,,,,,Marion Merville & Jules Oudot,,,-0.5,,,,,,,,,
232,Local,1747,Nantes,,des Isles Françoise de l'Amerique et de Terneuve,Imports,Gingembre,,,581,,3228,livres,0.18,sources/Local/AD44_C706_Nantes_Imports_1747.csv,AD44 C706,9,,,,,Marion Merville & Jules Oudot,,,-0.0399999999999636,,,,,,,,,
233,Local,1747,Nantes,,des Isles Françoise de l'Amerique et de Terneuve,Imports,Graine à chapelet,,,77,,346,livres,0.22,sources/Local/AD44_C706_Nantes_Imports_1747.csv,AD44 C706,9,,,,,Marion Merville & Jules Oudot,,,0.879999999999996,,,,,,,,,
234,Local,1747,Nantes,,des Isles Françoise de l'Amerique et de Terneuve,Imports,Indigo,,,1869747,,575307,livres,3.25,sources/Local/AD44_C706_Nantes_Imports_1747.csv,AD44 C706,9,,,,,Marion Merville & Jules Oudot,,,-0.75,,,,,,,,,
235,Local,1747,Nantes,,des Isles Françoise de l'Amerique et de Terneuve,Imports,Liqueur,,,22,,15,Bouteille,1.5,sources/Local/AD44_C706_Nantes_Imports_1747.csv,AD44 C706,9,,,,,Marion Merville & Jules Oudot,,,-0.5,,,,,,,,,
236,Local,1747,Nantes,,des Isles Françoise de l'Amerique et de Terneuve,Imports,Merrain à Baril,,,160,,5340,Douelle,0.03,sources/Local/AD44_C706_Nantes_Imports_1747.csv,AD44 C706,9,,,,,Marion Merville & Jules Oudot,,,-0.199999999999989,,,,,,,,,
237,Local,1747,Nantes,,des Isles Françoise de l'Amerique et de Terneuve,Imports,Morphil,,,13208,,6604,livres,2,sources/Local/AD44_C706_Nantes_Imports_1747.csv,AD44 C706,9,,,,,Marion Merville & Jules Oudot,,,0,,,,,,,,,
238,Local,1747,Nantes,,des Isles Françoise de l'Amerique et de Terneuve,Imports,Ongles de cahouanne,,,316,,158,livres,2,sources/Local/AD44_C706_Nantes_Imports_1747.csv,AD44 C706,9,,,,,Marion Merville & Jules Oudot,,,0,,,,,,,,,
239,Local,1747,Nantes,,des Isles Françoise de l'Amerique et de Terneuve,Imports,Ratafias,,,140,,2,bariques,70,sources/Local/AD44_C706_Nantes_Imports_1747.csv,AD44 C706,9,,,,,Marion Merville & Jules Oudot,,,0,,,,,,,,,
240,Local,1747,Nantes,,des Isles Françoise de l'Amerique et de Terneuve,Imports,Rocou,,,3574,,3574,livres,1,sources/Local/AD44_C706_Nantes_Imports_1747.csv,AD44 C706,9,,,,,Marion Merville & Jules Oudot,,,0,,,,,,,,,
241,Local,1747,Nantes,,des Isles Françoise de l'Amerique et de Terneuve,Imports,Sirop de sucre,,,4,,60,livres,0.075,sources/Local/AD44_C706_Nantes_Imports_1747.csv,AD44 C706,9,,,,,Marion Merville & Jules Oudot,,,-0.5,,,,,,,,,
242,Local,1747,Nantes,,des Isles Françoise de l'Amerique et de Terneuve,Imports,Sucre blanc,,,1282,,2850,livres,0.45,sources/Local/AD44_C706_Nantes_Imports_1747.csv,AD44 C706,9,,,,,Marion Merville & Jules Oudot,,,-0.5,,,,,,,,,
243,Local,1747,Nantes,,des Isles Françoise de l'Amerique et de Terneuve,Imports,Sucre brut,,,2258106.25,,9032425,livres,0.25,sources/Local/AD44_C706_Nantes_Imports_1747.csv,AD44 C706,10,,,,,Marion Merville & Jules Oudot,,erreur de calcul (valeur notée 1809627),0,,,,,,,,,
244,Local,1747,Nantes,,des Isles Françoise de l'Amerique et de Terneuve,Imports,Sucre terré,,,2531362,,5625250,livres,0.45,sources/Local/AD44_C706_Nantes_Imports_1747.csv,AD44 C706,10,,,,,Marion Merville & Jules Oudot,,,-0.5,,,,,,,,,
245,Local,1747,Nantes,,des Isles Françoise de l'Amerique et de Terneuve,Imports,Sucre tête,,,3048900,,7622250,livres,0.4,sources/Local/AD44_C706_Nantes_Imports_1747.csv,AD44 C706,10,,,,,Marion Merville & Jules Oudot,,,0,,,,,,,,,
246,Local,1747,Nantes,,des Isles Françoise de l'Amerique et de Terneuve,Imports,Tabac,,,74,,149,livres,0.5,sources/Local/AD44_C706_Nantes_Imports_1747.csv,AD44 C706,10,,,,,Marion Merville & Jules Oudot,,,-0.5,,,,,,,,,
